<?xml version = '1.0' encoding = 'UTF-8'?>
<FKIndexAssociation class="oracle.dbtools.crest.model.design.relational.FKIndexAssociation" directorySegmentName="seg_0" id="013E5C02-AA09-2A7D-3CA0-25C016A12D78" containerWithKeyObject="FE900981-65BE-8F34-E913-C3537D26F7F6" localFKIndex="BA21AA4E-5B7E-BD70-88BC-78B7CF5A6548" name="PACIENTE_COMUNA_FK">
<createdBy>Francis</createdBy>
<createdTime>2025-09-14 02:58:22 UTC</createdTime>
<generatorID>3EC7637A-32AA-9EDF-FBE0-BF54B64F4501</generatorID>
<ownerDesignName>Centro_medico</ownerDesignName>
<referredTableLongName>COMUNA</referredTableLongName>
<deleteRule>NO ACTION</deleteRule>
<referredTableID>ACED4E75-5636-1D31-D966-772E0B5ECDEF</referredTableID>
<keyObject>4CC46EEE-1AB0-3D88-BC19-AFBDE7E00485</keyObject>
<referredKeyID>4CC46EEE-1AB0-3D88-BC19-AFBDE7E00485</referredKeyID>
<mandatory>true</mandatory>
<refColNames>id_comuna</refColNames>
<transferable>true</transferable>
<rely>false</rely>
<columnDependencyConstraintGenerateInDDL>true</columnDependencyConstraintGenerateInDDL>
</FKIndexAssociation>