<?xml version = '1.0' encoding = 'UTF-8'?>
<FKIndexAssociation class="oracle.dbtools.crest.model.design.relational.FKIndexAssociation" directorySegmentName="seg_0" id="070F9052-A3A1-4939-7C1B-A1EB907E1912" containerWithKeyObject="5DBF5A45-DD64-B13F-0324-6A3DB3955133" localFKIndex="4BDAF978-EBBF-8792-353C-ABC2FE79FC61" name="ESTADO_CITA_CITA_FK">
<createdBy>Francis</createdBy>
<createdTime>2025-09-14 02:58:22 UTC</createdTime>
<generatorID>1F34DD26-B828-3739-BC31-7645FD5FCECA</generatorID>
<ownerDesignName>Centro_medico</ownerDesignName>
<referredTableLongName>CITA</referredTableLongName>
<deleteRule>NO ACTION</deleteRule>
<referredTableID>2EE2F06B-2396-0324-94C2-2BDA2910B288</referredTableID>
<keyObject>67F43256-CFDB-C18E-8AB0-40AB5EEA82A6</keyObject>
<referredKeyID>67F43256-CFDB-C18E-8AB0-40AB5EEA82A6</referredKeyID>
<mandatory>true</mandatory>
<refColNames>id_cita</refColNames>
<transferable>true</transferable>
<rely>false</rely>
<columnDependencyConstraintGenerateInDDL>true</columnDependencyConstraintGenerateInDDL>
</FKIndexAssociation>