<?xml version = '1.0' encoding = 'UTF-8'?>
<FKIndexAssociation class="oracle.dbtools.crest.model.design.relational.FKIndexAssociation" directorySegmentName="seg_0" id="0B3375AA-E0BE-D2F0-0C53-99D6F7010AE5" containerWithKeyObject="DC796539-4B78-0AB9-D2B2-72978D5920B2" localFKIndex="CBD5CB30-8CF3-A9E2-0B12-CC74AA027538" name="MEDICO_AFP_FK">
<createdBy>Francis</createdBy>
<createdTime>2025-09-14 02:58:22 UTC</createdTime>
<generatorID>CB978414-C216-0116-0122-162D0E68D999</generatorID>
<ownerDesignName>Centro_medico</ownerDesignName>
<referredTableLongName>AFP</referredTableLongName>
<deleteRule>NO ACTION</deleteRule>
<referredTableID>50EC7202-5B18-CE14-062B-1A08037D5E64</referredTableID>
<keyObject>CA554BEC-50E0-BC73-DCF6-C7E9F92B203B</keyObject>
<referredKeyID>CA554BEC-50E0-BC73-DCF6-C7E9F92B203B</referredKeyID>
<mandatory>true</mandatory>
<refColNames>id_afp</refColNames>
<transferable>true</transferable>
<rely>false</rely>
<columnDependencyConstraintGenerateInDDL>true</columnDependencyConstraintGenerateInDDL>
</FKIndexAssociation>