<?xml version = '1.0' encoding = 'UTF-8'?>
<FKIndexAssociation class="oracle.dbtools.crest.model.design.relational.FKIndexAssociation" directorySegmentName="seg_0" id="0DD2DF6F-5AB0-005D-B5FC-C7A938956F1B" containerWithKeyObject="663B7996-1FBC-C570-831C-30FF58C8CA65" localFKIndex="4788E71D-920F-820B-EDF0-FBCFFB087D9D" name="MEDICO_SUPERVISOR_MEDICO_FK">
<createdBy>Francis</createdBy>
<createdTime>2025-09-14 02:58:22 UTC</createdTime>
<generatorID>2D00B590-9C9E-1AA3-26A7-D4C9AD6DC74A</generatorID>
<ownerDesignName>Centro_medico</ownerDesignName>
<referredTableLongName>MEDICO</referredTableLongName>
<deleteRule>NO ACTION</deleteRule>
<referredTableID>DC796539-4B78-0AB9-D2B2-72978D5920B2</referredTableID>
<keyObject>80CB430C-44CE-2DB9-EDEB-C380989E0A6B</keyObject>
<referredKeyID>80CB430C-44CE-2DB9-EDEB-C380989E0A6B</referredKeyID>
<mandatory>false</mandatory>
<refColNames>id_medico</refColNames>
<transferable>true</transferable>
<rely>false</rely>
<columnDependencyConstraintGenerateInDDL>true</columnDependencyConstraintGenerateInDDL>
</FKIndexAssociation>