<?xml version = '1.0' encoding = 'UTF-8'?>
<FKIndexAssociation class="oracle.dbtools.crest.model.design.relational.FKIndexAssociation" directorySegmentName="seg_0" id="1CA1C04A-C912-EF9C-0C9C-4DB7F42B74C0" containerWithKeyObject="FE900981-65BE-8F34-E913-C3537D26F7F6" localFKIndex="44F4FBFF-E92F-EE67-EF6C-4CA7F12987E5" name="PACIENTE_TIPO_USUARIO_FK">
<createdBy>Francis</createdBy>
<createdTime>2025-09-14 02:58:22 UTC</createdTime>
<generatorID>DBDE2E62-3D59-68B7-6897-E68D08603256</generatorID>
<ownerDesignName>Centro_medico</ownerDesignName>
<referredTableLongName>TIPO_USUARIO</referredTableLongName>
<deleteRule>NO ACTION</deleteRule>
<referredTableID>824050DA-ABCD-A5BC-22A5-6626AD27A804</referredTableID>
<keyObject>99A4606E-DCE6-ACC3-C7F4-F53ED8ED7F20</keyObject>
<referredKeyID>99A4606E-DCE6-ACC3-C7F4-F53ED8ED7F20</referredKeyID>
<mandatory>true</mandatory>
<refColNames>id_tipo_usuario</refColNames>
<transferable>true</transferable>
<rely>false</rely>
<columnDependencyConstraintGenerateInDDL>true</columnDependencyConstraintGenerateInDDL>
</FKIndexAssociation>