<?xml version = '1.0' encoding = 'UTF-8'?>
<FKIndexAssociation class="oracle.dbtools.crest.model.design.relational.FKIndexAssociation" directorySegmentName="seg_0" id="23FD5219-2141-A8FC-0800-941DD605905D" containerWithKeyObject="8AEA6297-0DC5-3D7F-89A6-05BC7A95D038" localFKIndex="0742B211-344F-127E-4624-5754845057D2" name="RESULTADO_EXAMEN_EXAMEN_FK">
<createdBy>Francis</createdBy>
<createdTime>2025-09-14 02:58:22 UTC</createdTime>
<generatorID>220357F4-798A-03A0-6F36-2CEDA27C45E8</generatorID>
<ownerDesignName>Centro_medico</ownerDesignName>
<referredTableLongName>EXAMEN</referredTableLongName>
<deleteRule>NO ACTION</deleteRule>
<referredTableID>96752B38-F7BB-59D1-B079-7B65D4F54B1A</referredTableID>
<keyObject>19925ECB-B320-5469-F8BC-EFD41167770C</keyObject>
<referredKeyID>19925ECB-B320-5469-F8BC-EFD41167770C</referredKeyID>
<mandatory>true</mandatory>
<refColNames>id_examen</refColNames>
<transferable>true</transferable>
<rely>false</rely>
<columnDependencyConstraintGenerateInDDL>true</columnDependencyConstraintGenerateInDDL>
</FKIndexAssociation>