<?xml version = '1.0' encoding = 'UTF-8'?>
<FKIndexAssociation class="oracle.dbtools.crest.model.design.relational.FKIndexAssociation" directorySegmentName="seg_0" id="2450996A-7EA8-FB07-A31D-E87BCF8B6AD1" containerWithKeyObject="DC796539-4B78-0AB9-D2B2-72978D5920B2" localFKIndex="B1639165-550A-5412-E9ED-5BFB5958EBB8" name="MEDICO_INSTITUCION_SALUD_FK">
<createdBy>Francis</createdBy>
<createdTime>2025-09-14 02:58:22 UTC</createdTime>
<generatorID>E0187B86-FC43-0E83-3836-27595B26CC4A</generatorID>
<ownerDesignName>Centro_medico</ownerDesignName>
<referredTableLongName>INSTITUCION_SALUD</referredTableLongName>
<deleteRule>NO ACTION</deleteRule>
<referredTableID>F2780811-DE52-5ED2-62FC-04DD2E01B4BF</referredTableID>
<keyObject>8B33D56D-D61B-700E-F761-A965AF728720</keyObject>
<referredKeyID>8B33D56D-D61B-700E-F761-A965AF728720</referredKeyID>
<mandatory>true</mandatory>
<refColNames>id_salud</refColNames>
<transferable>true</transferable>
<rely>false</rely>
<columnDependencyConstraintGenerateInDDL>true</columnDependencyConstraintGenerateInDDL>
</FKIndexAssociation>