<?xml version = '1.0' encoding = 'UTF-8'?>
<FKIndexAssociation class="oracle.dbtools.crest.model.design.relational.FKIndexAssociation" directorySegmentName="seg_0" id="2C12C02D-CA78-D2F7-8CEE-1AD81CD013AD" containerWithKeyObject="15431F8E-9CDD-D317-9A3A-4C20137B0505" localFKIndex="B1B60D44-97B1-2B0F-0EB3-0937E8F5DE27" name="TIPO_MUESTRA_EXAMEN_FK">
<createdBy>Francis</createdBy>
<createdTime>2025-09-14 18:58:17 UTC</createdTime>
<generatorID>2BB0C7F4-B809-4718-F749-6BA72115BF6C</generatorID>
<ownerDesignName>Centro_medico</ownerDesignName>
<referredTableLongName>EXAMEN</referredTableLongName>
<deleteRule>NO ACTION</deleteRule>
<referredTableID>96752B38-F7BB-59D1-B079-7B65D4F54B1A</referredTableID>
<keyObject>19925ECB-B320-5469-F8BC-EFD41167770C</keyObject>
<referredKeyID>19925ECB-B320-5469-F8BC-EFD41167770C</referredKeyID>
<mandatory>true</mandatory>
<refColNames>id_examen</refColNames>
<transferable>true</transferable>
<rely>false</rely>
<columnDependencyConstraintGenerateInDDL>true</columnDependencyConstraintGenerateInDDL>
</FKIndexAssociation>