<?xml version = '1.0' encoding = 'UTF-8'?>
<FKIndexAssociation class="oracle.dbtools.crest.model.design.relational.FKIndexAssociation" directorySegmentName="seg_0" id="30D598ED-C26B-3303-D712-669372943E43" containerWithKeyObject="72E5C170-E96F-9F90-FA77-0F1427CF0266" localFKIndex="68033676-279D-656E-66F4-ADB1DC3CE3EB" name="PAGO_TIPO_PAGO_FK">
<createdBy>Francis</createdBy>
<createdTime>2025-09-14 02:58:22 UTC</createdTime>
<generatorID>FA853C45-0842-0F2B-EA65-548CDE84C49C</generatorID>
<ownerDesignName>Centro_medico</ownerDesignName>
<referredTableLongName>TIPO_PAGO</referredTableLongName>
<deleteRule>NO ACTION</deleteRule>
<referredTableID>A6436577-D778-37D7-3EF9-CC42C2E0A97A</referredTableID>
<keyObject>DFDA0B5D-0305-DD91-7257-DFF7FFB528E3</keyObject>
<referredKeyID>DFDA0B5D-0305-DD91-7257-DFF7FFB528E3</referredKeyID>
<mandatory>true</mandatory>
<refColNames>id_tipo_pago</refColNames>
<transferable>true</transferable>
<rely>false</rely>
<columnDependencyConstraintGenerateInDDL>true</columnDependencyConstraintGenerateInDDL>
</FKIndexAssociation>