<?xml version = '1.0' encoding = 'UTF-8'?>
<FKIndexAssociation class="oracle.dbtools.crest.model.design.relational.FKIndexAssociation" directorySegmentName="seg_0" id="32DD2B7A-A553-1D54-1DF7-90FA676F7292" containerWithKeyObject="ACED4E75-5636-1D31-D966-772E0B5ECDEF" localFKIndex="7F7C6A7C-0EF4-FDAC-E2FD-1133F5DB5390" name="COMUNA_REGION_FK">
<createdBy>Francis</createdBy>
<createdTime>2025-09-14 02:58:22 UTC</createdTime>
<generatorID>3CCA65F7-F71B-9E1A-F92F-8E392C5BA9EE</generatorID>
<ownerDesignName>Centro_medico</ownerDesignName>
<referredTableLongName>REGION</referredTableLongName>
<deleteRule>NO ACTION</deleteRule>
<referredTableID>14D81F49-435B-233D-6A4D-1AD226683E66</referredTableID>
<keyObject>87E34CC1-8BF3-AE3D-F84D-FB4337CBE45F</keyObject>
<referredKeyID>87E34CC1-8BF3-AE3D-F84D-FB4337CBE45F</referredKeyID>
<mandatory>true</mandatory>
<refColNames>id_region</refColNames>
<transferable>true</transferable>
<rely>false</rely>
<columnDependencyConstraintGenerateInDDL>true</columnDependencyConstraintGenerateInDDL>
</FKIndexAssociation>