<?xml version = '1.0' encoding = 'UTF-8'?>
<FKIndexAssociation class="oracle.dbtools.crest.model.design.relational.FKIndexAssociation" directorySegmentName="seg_0" id="37385B4D-35E8-8F16-72D8-D37D35FC8448" containerWithKeyObject="D393B9F8-66E8-6367-0E72-81A526B30925" localFKIndex="8521128A-9A6C-8149-2FC0-BBF0D7BEDA66" name="SOLICITUD_EXAMEN_ATENCION_FK">
<createdBy>Francis</createdBy>
<createdTime>2025-09-14 02:58:22 UTC</createdTime>
<generatorID>BC41C9D2-E326-6096-BDEC-24264F5B72C8</generatorID>
<ownerDesignName>Centro_medico</ownerDesignName>
<referredTableLongName>ATENCION</referredTableLongName>
<deleteRule>NO ACTION</deleteRule>
<referredTableID>58A93BF8-AEB9-5652-D12D-9F4AC995DAB3</referredTableID>
<keyObject>124306F9-02D9-D30D-20E7-1F0656F3CDAD</keyObject>
<referredKeyID>124306F9-02D9-D30D-20E7-1F0656F3CDAD</referredKeyID>
<mandatory>false</mandatory>
<refColNames>id_atencion</refColNames>
<transferable>true</transferable>
<rely>false</rely>
<columnDependencyConstraintGenerateInDDL>true</columnDependencyConstraintGenerateInDDL>
</FKIndexAssociation>