<?xml version = '1.0' encoding = 'UTF-8'?>
<FKIndexAssociation class="oracle.dbtools.crest.model.design.relational.FKIndexAssociation" directorySegmentName="seg_0" id="39AD572D-0973-EB63-4708-A3EA7613E9AB" containerWithKeyObject="2EE2F06B-2396-0324-94C2-2BDA2910B288" localFKIndex="473B2A98-3496-C4D0-4A8B-A770028ED13C" name="CITA_ATENCION_FK">
<createdBy>Francis</createdBy>
<createdTime>2025-09-14 02:58:22 UTC</createdTime>
<generatorID>84F43B2C-C61D-E63B-31E9-1685A4898628</generatorID>
<ownerDesignName>Centro_medico</ownerDesignName>
<referredTableLongName>ATENCION</referredTableLongName>
<deleteRule>NO ACTION</deleteRule>
<referredTableID>58A93BF8-AEB9-5652-D12D-9F4AC995DAB3</referredTableID>
<keyObject>124306F9-02D9-D30D-20E7-1F0656F3CDAD</keyObject>
<referredKeyID>124306F9-02D9-D30D-20E7-1F0656F3CDAD</referredKeyID>
<mandatory>true</mandatory>
<refColNames>id_atencion</refColNames>
<transferable>true</transferable>
<rely>false</rely>
<columnDependencyConstraintGenerateInDDL>true</columnDependencyConstraintGenerateInDDL>
</FKIndexAssociation>