<?xml version = '1.0' encoding = 'UTF-8'?>
<FKIndexAssociation class="oracle.dbtools.crest.model.design.relational.FKIndexAssociation" directorySegmentName="seg_0" id="401D3254-25A6-331E-75F3-45E8410FA611" containerWithKeyObject="D393B9F8-66E8-6367-0E72-81A526B30925" localFKIndex="6D4895E0-DA76-64C8-D98C-A42F7FCD1482" name="SOLICITUD_EXAMEN_EXAMEN_FK">
<createdBy>Francis</createdBy>
<createdTime>2025-09-14 02:58:22 UTC</createdTime>
<generatorID>332C8A06-1EF3-B3CE-D295-A4F1CFD5CC75</generatorID>
<ownerDesignName>Centro_medico</ownerDesignName>
<referredTableLongName>EXAMEN</referredTableLongName>
<deleteRule>NO ACTION</deleteRule>
<referredTableID>96752B38-F7BB-59D1-B079-7B65D4F54B1A</referredTableID>
<keyObject>19925ECB-B320-5469-F8BC-EFD41167770C</keyObject>
<referredKeyID>19925ECB-B320-5469-F8BC-EFD41167770C</referredKeyID>
<mandatory>true</mandatory>
<refColNames>id_examen</refColNames>
<transferable>true</transferable>
<rely>false</rely>
<columnDependencyConstraintGenerateInDDL>true</columnDependencyConstraintGenerateInDDL>
</FKIndexAssociation>