<?xml version = '1.0' encoding = 'UTF-8'?>
<FKIndexAssociation class="oracle.dbtools.crest.model.design.relational.FKIndexAssociation" directorySegmentName="seg_0" id="42D6042C-1D1B-014D-C9F5-C194E9679893" containerWithKeyObject="58A93BF8-AEB9-5652-D12D-9F4AC995DAB3" localFKIndex="1980CE4D-0D2B-FB4B-9902-C809983603E4" name="ATENCION_PAGO_FK">
<createdBy>Francis</createdBy>
<createdTime>2025-09-14 02:58:22 UTC</createdTime>
<generatorID>2F43B87D-4B52-64C3-9FBD-95B53C1F0082</generatorID>
<ownerDesignName>Centro_medico</ownerDesignName>
<referredTableLongName>PAGO</referredTableLongName>
<deleteRule>NO ACTION</deleteRule>
<referredTableID>72E5C170-E96F-9F90-FA77-0F1427CF0266</referredTableID>
<keyObject>3059BD55-E6EA-10D2-BF11-C915287367A7</keyObject>
<referredKeyID>3059BD55-E6EA-10D2-BF11-C915287367A7</referredKeyID>
<mandatory>true</mandatory>
<refColNames>id_pago</refColNames>
<transferable>true</transferable>
<rely>false</rely>
<columnDependencyConstraintGenerateInDDL>true</columnDependencyConstraintGenerateInDDL>
</FKIndexAssociation>