<?xml version = '1.0' encoding = 'UTF-8'?>
<FKIndexAssociation class="oracle.dbtools.crest.model.design.relational.FKIndexAssociation" directorySegmentName="seg_0" id="434A96D9-3477-422A-8450-E1CF42C120D4" containerWithKeyObject="58A93BF8-AEB9-5652-D12D-9F4AC995DAB3" localFKIndex="37587EFC-C642-6ABB-0F56-D108BD1746DF" name="ATENCION_MEDICO_FK">
<createdBy>Francis</createdBy>
<createdTime>2025-09-14 02:58:22 UTC</createdTime>
<generatorID>171B04BE-61B8-CA08-157B-3702B823B96D</generatorID>
<ownerDesignName>Centro_medico</ownerDesignName>
<referredTableLongName>MEDICO</referredTableLongName>
<deleteRule>NO ACTION</deleteRule>
<referredTableID>DC796539-4B78-0AB9-D2B2-72978D5920B2</referredTableID>
<keyObject>80CB430C-44CE-2DB9-EDEB-C380989E0A6B</keyObject>
<referredKeyID>80CB430C-44CE-2DB9-EDEB-C380989E0A6B</referredKeyID>
<mandatory>true</mandatory>
<refColNames>id_medico</refColNames>
<transferable>true</transferable>
<rely>false</rely>
<columnDependencyConstraintGenerateInDDL>true</columnDependencyConstraintGenerateInDDL>
</FKIndexAssociation>