<?xml version = '1.0' encoding = 'UTF-8'?>
<FKIndexAssociation class="oracle.dbtools.crest.model.design.relational.FKIndexAssociation" directorySegmentName="seg_0" id="61FBB487-FDFE-180F-B70D-C89F17943554" containerWithKeyObject="DC796539-4B78-0AB9-D2B2-72978D5920B2" localFKIndex="D9515B42-08B0-25D1-1BB9-C6C353E6B004" name="MEDICO_ESPECIALIDAD_FK">
<createdBy>Francis</createdBy>
<createdTime>2025-09-14 02:58:22 UTC</createdTime>
<generatorID>57BBB2B4-C499-4C45-97BC-0B5C46B74E8F</generatorID>
<ownerDesignName>Centro_medico</ownerDesignName>
<referredTableLongName>ESPECIALIDAD</referredTableLongName>
<deleteRule>NO ACTION</deleteRule>
<referredTableID>7756A216-30AA-9F4D-9F28-23BFED021EBD</referredTableID>
<keyObject>D3AC3BE3-F2AA-F39C-2EFC-CD100F3582CE</keyObject>
<referredKeyID>D3AC3BE3-F2AA-F39C-2EFC-CD100F3582CE</referredKeyID>
<mandatory>true</mandatory>
<refColNames>id_especialidad</refColNames>
<transferable>true</transferable>
<rely>false</rely>
<columnDependencyConstraintGenerateInDDL>true</columnDependencyConstraintGenerateInDDL>
</FKIndexAssociation>