<?xml version = '1.0' encoding = 'UTF-8'?>
<FKIndexAssociation class="oracle.dbtools.crest.model.design.relational.FKIndexAssociation" directorySegmentName="seg_0" id="68C37BA8-3B4F-2A76-FEA8-794AE472F627" containerWithKeyObject="72E5C170-E96F-9F90-FA77-0F1427CF0266" localFKIndex="30650F9A-89F9-C22A-5B57-2ACD022E6F04" name="PAGO_ATENCION_FK">
<createdBy>Francis</createdBy>
<createdTime>2025-09-14 02:58:22 UTC</createdTime>
<generatorID>2F43B87D-4B52-64C3-9FBD-95B53C1F0082</generatorID>
<ownerDesignName>Centro_medico</ownerDesignName>
<referredTableLongName>ATENCION</referredTableLongName>
<deleteRule>NO ACTION</deleteRule>
<referredTableID>58A93BF8-AEB9-5652-D12D-9F4AC995DAB3</referredTableID>
<keyObject>124306F9-02D9-D30D-20E7-1F0656F3CDAD</keyObject>
<referredKeyID>124306F9-02D9-D30D-20E7-1F0656F3CDAD</referredKeyID>
<mandatory>true</mandatory>
<refColNames>id_atencion</refColNames>
<transferable>true</transferable>
<rely>false</rely>
<columnDependencyConstraintGenerateInDDL>true</columnDependencyConstraintGenerateInDDL>
</FKIndexAssociation>