<?xml version = '1.0' encoding = 'UTF-8'?>
<FKIndexAssociation class="oracle.dbtools.crest.model.design.relational.FKIndexAssociation" directorySegmentName="seg_0" id="88A128DC-65D7-AE4A-3E8E-F53BCF9F4A15" containerWithKeyObject="F36805AD-1A03-16B1-23CD-BD270FE22C7B" localFKIndex="A910EC05-C224-B093-A82D-A25C5DE16B0E" name="SEXO_PACIENTE_FK">
<createdBy>Francis</createdBy>
<createdTime>2025-09-14 02:58:22 UTC</createdTime>
<generatorID>E4B7F3EB-76C5-CD9A-C45F-4D0F07DB6993</generatorID>
<ownerDesignName>Centro_medico</ownerDesignName>
<referredTableLongName>PACIENTE</referredTableLongName>
<deleteRule>NO ACTION</deleteRule>
<referredTableID>FE900981-65BE-8F34-E913-C3537D26F7F6</referredTableID>
<keyObject>EE8295A0-1B52-4AAA-E39E-0501E0050113</keyObject>
<referredKeyID>EE8295A0-1B52-4AAA-E39E-0501E0050113</referredKeyID>
<mandatory>true</mandatory>
<refColNames>rut</refColNames>
<transferable>true</transferable>
<rely>false</rely>
<columnDependencyConstraintGenerateInDDL>true</columnDependencyConstraintGenerateInDDL>
</FKIndexAssociation>