<?xml version = '1.0' encoding = 'UTF-8'?>
<FKIndexAssociation class="oracle.dbtools.crest.model.design.relational.FKIndexAssociation" directorySegmentName="seg_0" id="93A8F0AB-2A7B-0949-AF3B-548B9232EBC4" containerWithKeyObject="6AE2C55C-C2F9-B2DF-4957-36CA26CF7F88" localFKIndex="F265F308-1CB0-2831-DC96-D3F4463D6ED1" name="PREPARACION_EXAMEN_FK">
<createdBy>Francis</createdBy>
<createdTime>2025-09-14 02:58:22 UTC</createdTime>
<generatorID>963DB1DA-F7BB-1A81-4538-B207EF60B860</generatorID>
<ownerDesignName>Centro_medico</ownerDesignName>
<referredTableLongName>EXAMEN</referredTableLongName>
<deleteRule>NO ACTION</deleteRule>
<referredTableID>96752B38-F7BB-59D1-B079-7B65D4F54B1A</referredTableID>
<keyObject>19925ECB-B320-5469-F8BC-EFD41167770C</keyObject>
<referredKeyID>19925ECB-B320-5469-F8BC-EFD41167770C</referredKeyID>
<mandatory>false</mandatory>
<refColNames>id_examen</refColNames>
<transferable>true</transferable>
<rely>false</rely>
<columnDependencyConstraintGenerateInDDL>true</columnDependencyConstraintGenerateInDDL>
</FKIndexAssociation>