<?xml version = '1.0' encoding = 'UTF-8'?>
<FKIndexAssociation class="oracle.dbtools.crest.model.design.relational.FKIndexAssociation" directorySegmentName="seg_0" id="93CCCE25-F45A-BABC-A947-E6DC06DAAD3B" containerWithKeyObject="2EE2F06B-2396-0324-94C2-2BDA2910B288" localFKIndex="36453EC3-9DA0-02A5-CCB8-DDA5DF914A00" name="CITA_PACIENTE_FK">
<createdBy>Francis</createdBy>
<createdTime>2025-09-14 02:58:22 UTC</createdTime>
<generatorID>796E2199-E78D-C0CD-240F-BA438EC08552</generatorID>
<ownerDesignName>Centro_medico</ownerDesignName>
<referredTableLongName>PACIENTE</referredTableLongName>
<deleteRule>NO ACTION</deleteRule>
<referredTableID>FE900981-65BE-8F34-E913-C3537D26F7F6</referredTableID>
<keyObject>EE8295A0-1B52-4AAA-E39E-0501E0050113</keyObject>
<referredKeyID>EE8295A0-1B52-4AAA-E39E-0501E0050113</referredKeyID>
<mandatory>false</mandatory>
<refColNames>rut</refColNames>
<transferable>true</transferable>
<rely>false</rely>
<columnDependencyConstraintGenerateInDDL>true</columnDependencyConstraintGenerateInDDL>
</FKIndexAssociation>