<?xml version = '1.0' encoding = 'UTF-8'?>
<FKIndexAssociation class="oracle.dbtools.crest.model.design.relational.FKIndexAssociation" directorySegmentName="seg_0" id="9D15CDB0-3FE1-062C-24B7-5815C11E7723" containerWithKeyObject="96752B38-F7BB-59D1-B079-7B65D4F54B1A" localFKIndex="A9CA3B86-E668-4ADC-2152-B3B8E81AE00C" name="EXAMEN_RESULTADO_EXAMEN_FK">
<createdBy>Francis</createdBy>
<createdTime>2025-09-14 02:58:22 UTC</createdTime>
<generatorID>220357F4-798A-03A0-6F36-2CEDA27C45E8</generatorID>
<ownerDesignName>Centro_medico</ownerDesignName>
<referredTableLongName>RESULTADO_EXAMEN</referredTableLongName>
<deleteRule>NO ACTION</deleteRule>
<referredTableID>8AEA6297-0DC5-3D7F-89A6-05BC7A95D038</referredTableID>
<keyObject>F075AA79-5F1E-0A0C-1089-22DE8A3D4F90</keyObject>
<referredKeyID>F075AA79-5F1E-0A0C-1089-22DE8A3D4F90</referredKeyID>
<mandatory>true</mandatory>
<refColNames>id_resultado</refColNames>
<transferable>true</transferable>
<rely>false</rely>
<columnDependencyConstraintGenerateInDDL>true</columnDependencyConstraintGenerateInDDL>
</FKIndexAssociation>