<?xml version = '1.0' encoding = 'UTF-8'?>
<FKIndexAssociation class="oracle.dbtools.crest.model.design.relational.FKIndexAssociation" directorySegmentName="seg_0" id="9E9684DE-FD33-164F-91D8-B4CF215D7EA2" containerWithKeyObject="58A93BF8-AEB9-5652-D12D-9F4AC995DAB3" localFKIndex="6267E4C3-CC15-6B7B-573D-5751E91B2480" name="ATENCION_TIPO_ATENCION_FK">
<createdBy>Francis</createdBy>
<createdTime>2025-09-14 02:58:22 UTC</createdTime>
<generatorID>248D7501-E881-C9BD-C6F0-CAFD61C51271</generatorID>
<ownerDesignName>Centro_medico</ownerDesignName>
<referredTableLongName>TIPO_ATENCION</referredTableLongName>
<deleteRule>NO ACTION</deleteRule>
<referredTableID>F508E037-AF9A-67A2-A50B-5F170E3AA52D</referredTableID>
<keyObject>749D11D6-0200-E4E6-27B3-D47736B8A5A8</keyObject>
<referredKeyID>749D11D6-0200-E4E6-27B3-D47736B8A5A8</referredKeyID>
<mandatory>true</mandatory>
<refColNames>id_tipo_atencion</refColNames>
<transferable>true</transferable>
<rely>false</rely>
<columnDependencyConstraintGenerateInDDL>true</columnDependencyConstraintGenerateInDDL>
</FKIndexAssociation>