<?xml version = '1.0' encoding = 'UTF-8'?>
<FKIndexAssociation class="oracle.dbtools.crest.model.design.relational.FKIndexAssociation" directorySegmentName="seg_0" id="C3FFF9CA-6001-5327-E9B6-235E509E3089" containerWithKeyObject="FE900981-65BE-8F34-E913-C3537D26F7F6" localFKIndex="19D33FB9-128E-6047-D178-8548BC228DFD" name="PACIENTE_SEXO_FK">
<createdBy>Francis</createdBy>
<createdTime>2025-09-14 02:58:22 UTC</createdTime>
<generatorID>E4B7F3EB-76C5-CD9A-C45F-4D0F07DB6993</generatorID>
<ownerDesignName>Centro_medico</ownerDesignName>
<referredTableLongName>SEXO</referredTableLongName>
<deleteRule>NO ACTION</deleteRule>
<referredTableID>F36805AD-1A03-16B1-23CD-BD270FE22C7B</referredTableID>
<keyObject>CA32FB4D-07DE-5220-9352-429F5E1044FC</keyObject>
<referredKeyID>CA32FB4D-07DE-5220-9352-429F5E1044FC</referredKeyID>
<mandatory>true</mandatory>
<refColNames>id_sexo</refColNames>
<transferable>true</transferable>
<rely>false</rely>
<columnDependencyConstraintGenerateInDDL>true</columnDependencyConstraintGenerateInDDL>
</FKIndexAssociation>