<?xml version = '1.0' encoding = 'UTF-8'?>
<FKIndexAssociation class="oracle.dbtools.crest.model.design.relational.FKIndexAssociation" directorySegmentName="seg_0" id="DF282885-C7F2-1ACA-B0BF-2CBB716FE896" containerWithKeyObject="7756A216-30AA-9F4D-9F28-23BFED021EBD" localFKIndex="B3D50FE8-78E2-0242-BB42-9BC9A5631614" name="ESPECIALIDAD_UNIDAD_FK">
<createdBy>Francis</createdBy>
<createdTime>2025-09-14 02:58:22 UTC</createdTime>
<generatorID>11482670-D7C9-6683-5B99-A2BD994249F4</generatorID>
<ownerDesignName>Centro_medico</ownerDesignName>
<referredTableLongName>UNIDAD</referredTableLongName>
<deleteRule>NO ACTION</deleteRule>
<referredTableID>0D46EAFB-7923-1B61-0267-D735804840E8</referredTableID>
<keyObject>4A9DA238-91AF-3D6E-C736-BE4C09339FF6</keyObject>
<referredKeyID>4A9DA238-91AF-3D6E-C736-BE4C09339FF6</referredKeyID>
<mandatory>true</mandatory>
<refColNames>id_unidad</refColNames>
<transferable>true</transferable>
<rely>false</rely>
<columnDependencyConstraintGenerateInDDL>true</columnDependencyConstraintGenerateInDDL>
</FKIndexAssociation>