<?xml version = '1.0' encoding = 'UTF-8'?>
<FKIndexAssociation class="oracle.dbtools.crest.model.design.relational.FKIndexAssociation" directorySegmentName="seg_0" id="E12385D9-7547-CD5B-E0E3-7E500B1DBD11" containerWithKeyObject="2EE2F06B-2396-0324-94C2-2BDA2910B288" localFKIndex="F36C7AA4-DED2-605A-6276-030BEFBCFC10" name="CITA_ESTADO_CITA_FK">
<createdBy>Francis</createdBy>
<createdTime>2025-09-14 02:58:22 UTC</createdTime>
<generatorID>1F34DD26-B828-3739-BC31-7645FD5FCECA</generatorID>
<ownerDesignName>Centro_medico</ownerDesignName>
<referredTableLongName>ESTADO_CITA</referredTableLongName>
<deleteRule>NO ACTION</deleteRule>
<referredTableID>5DBF5A45-DD64-B13F-0324-6A3DB3955133</referredTableID>
<keyObject>2278A35A-78D1-909B-0FAC-5A96DF851523</keyObject>
<referredKeyID>2278A35A-78D1-909B-0FAC-5A96DF851523</referredKeyID>
<mandatory>true</mandatory>
<refColNames>id_estado_cita</refColNames>
<transferable>true</transferable>
<rely>false</rely>
<columnDependencyConstraintGenerateInDDL>true</columnDependencyConstraintGenerateInDDL>
</FKIndexAssociation>