<?xml version = '1.0' encoding = 'UTF-8'?>
<FKIndexAssociation class="oracle.dbtools.crest.model.design.relational.FKIndexAssociation" directorySegmentName="seg_0" id="F5217C27-C528-C387-AD2C-99A2F78A489B" containerWithKeyObject="116D416B-2BF4-2DAD-D030-89313D7D968F" localFKIndex="61D0A905-8C81-ADC3-604A-5E9120FAD655" name="DERIVACION_ATENCION_FK">
<createdBy>Francis</createdBy>
<createdTime>2025-09-14 02:58:22 UTC</createdTime>
<generatorID>AA7942C2-4179-9515-22D4-4FCFA66B04D8</generatorID>
<ownerDesignName>Centro_medico</ownerDesignName>
<referredTableLongName>ATENCION</referredTableLongName>
<deleteRule>NO ACTION</deleteRule>
<referredTableID>58A93BF8-AEB9-5652-D12D-9F4AC995DAB3</referredTableID>
<keyObject>124306F9-02D9-D30D-20E7-1F0656F3CDAD</keyObject>
<referredKeyID>124306F9-02D9-D30D-20E7-1F0656F3CDAD</referredKeyID>
<mandatory>false</mandatory>
<refColNames>id_atencion</refColNames>
<transferable>true</transferable>
<rely>false</rely>
<columnDependencyConstraintGenerateInDDL>true</columnDependencyConstraintGenerateInDDL>
</FKIndexAssociation>