<?xml version = '1.0' encoding = 'UTF-8'?>
<Diagram class="oracle.dbtools.crest.swingui.logical.DPVLogical" name="Logical" id="313EBB15-51E4-0177-4C90-8CB41D621E1D">
<createdBy>Francis</createdBy>
<modifiedBy>Francis</modifiedBy>
<createdTime>2025-09-10 17:59:22 UTC</createdTime>
<autoRoute>false</autoRoute>
<boxInbox>true</boxInbox>
<showLegend>false</showLegend>
<showLabels>true</showLabels>
<showRelAttributes>false</showRelAttributes>
<gridEnabled>false</gridEnabled>
<showGrid>false</showGrid>
<diagramColor>-1</diagramColor>
<display>false</display>
<notation>1</notation>
<objectViews>
<OView class="oracle.dbtools.crest.swingui.logical.TVEntity" oid="0F976251-CAE4-20D4-4F9E-39450A4131FE" otype="Entity" vid="52E3A11F-773D-9594-DBE7-CB368324200F">
<hideElementsInCurrentOnly>false</hideElementsInCurrentOnly>
<bounds x="231" y="208" width="130" height="60"/>
</OView>
<OView class="oracle.dbtools.crest.swingui.logical.TVEntity" oid="195D294F-AF30-70B7-653E-D1BC5CF68988" otype="Entity" vid="FC980B51-F4F4-AB99-F2C5-3C3895CB3AA8">
<hideElementsInCurrentOnly>false</hideElementsInCurrentOnly>
<bounds x="1256" y="518" width="105" height="57"/>
</OView>
<OView class="oracle.dbtools.crest.swingui.logical.TVEntity" oid="41B289FA-E43A-0AB8-39E0-07B2CF63FB5B" otype="Entity" vid="D5C32BAC-91D4-8FE3-B208-9EC01BF73B98">
<hideElementsInCurrentOnly>false</hideElementsInCurrentOnly>
<bounds x="701" y="345" width="132" height="95"/>
</OView>
<OView class="oracle.dbtools.crest.swingui.logical.TVEntity" oid="49F5A783-AA61-304B-4936-62C12FA4ACF0" otype="Entity" vid="1E84E6B8-6377-1B36-CFEC-9DBB78B72D87">
<hideElementsInCurrentOnly>false</hideElementsInCurrentOnly>
<bounds x="1052" y="322" width="124" height="84"/>
</OView>
<OView class="oracle.dbtools.crest.swingui.logical.TVEntity" oid="4A0D5A9F-2AE4-BC95-75A1-2CBA28A0E0F2" otype="Entity" vid="B80D11D2-5AC0-3359-C817-8178EA86A03C">
<hideElementsInCurrentOnly>false</hideElementsInCurrentOnly>
<bounds x="1039" y="228" width="93" height="57"/>
</OView>
<OView class="oracle.dbtools.crest.swingui.logical.TVEntity" oid="4F9D4001-AF5B-051C-F93D-123705EBFDF5" otype="Entity" vid="7B111093-8047-B458-3E8C-74F51B006B2C">
<hideElementsInCurrentOnly>false</hideElementsInCurrentOnly>
<bounds x="223" y="324" width="144" height="144"/>
</OView>
<OView class="oracle.dbtools.crest.swingui.logical.TVEntity" oid="54582F60-6009-7C57-73E2-5EE862899A21" otype="Entity" vid="53D1E3C7-DBC8-C962-0D18-D30A8908A141">
<hideElementsInCurrentOnly>false</hideElementsInCurrentOnly>
<bounds x="905" y="487" width="122" height="42"/>
</OView>
<OView class="oracle.dbtools.crest.swingui.logical.TVEntity" oid="5EA78BE5-8FB4-C737-CA9B-DEC4B6E8D177" otype="Entity" vid="DC9DB7E6-174A-86C4-81DE-EEF15D8889B8">
<hideElementsInCurrentOnly>false</hideElementsInCurrentOnly>
<bounds x="1242" y="349" width="133" height="56"/>
</OView>
<OView class="oracle.dbtools.crest.swingui.logical.TVEntity" oid="624C5F88-5299-2D44-6C13-CC7C7508DF94" otype="Entity" vid="5ADC2951-B3CE-FBEC-21ED-2A7886C2B933">
<hideElementsInCurrentOnly>false</hideElementsInCurrentOnly>
<bounds x="708" y="631" width="110" height="71"/>
</OView>
<OView class="oracle.dbtools.crest.swingui.logical.TVEntity" oid="639FDC72-3440-6452-F27C-247AAAFE9051" otype="Entity" vid="74A28AD5-7B31-E387-6959-FBEA9B0FAB2D">
<hideElementsInCurrentOnly>false</hideElementsInCurrentOnly>
<bounds x="83" y="321" width="93" height="60"/>
</OView>
<OView class="oracle.dbtools.crest.swingui.logical.TVEntity" oid="6AEE9D17-E859-B665-A3E5-6A1A73D5C1EB" otype="Entity" vid="FF225413-8A40-E26E-7D95-BBE640B1D07E">
<hideElementsInCurrentOnly>false</hideElementsInCurrentOnly>
<bounds x="697" y="227" width="138" height="56"/>
</OView>
<OView class="oracle.dbtools.crest.swingui.logical.TVEntity" oid="71DAB489-FBA8-FF50-5A19-2DED0D9AC26B" otype="Entity" vid="02904E85-BC91-27A8-4BB7-29C3698281DD">
<hideElementsInCurrentOnly>false</hideElementsInCurrentOnly>
<bounds x="903" y="635" width="129" height="57"/>
</OView>
<OView class="oracle.dbtools.crest.swingui.logical.TVEntity" oid="750DA00E-7F2D-F7CB-D831-84EF954A6146" otype="Entity" vid="C9075DF7-E02D-7815-B92A-E01D88EDF430">
<hideElementsInCurrentOnly>false</hideElementsInCurrentOnly>
<bounds x="884" y="116" width="120" height="55"/>
</OView>
<OView class="oracle.dbtools.crest.swingui.logical.TVEntity" oid="836BDC41-DE4E-9876-2929-63CC92D1EB40" otype="Entity" vid="4802B5B7-3DAA-D97B-50F4-FAF9B01717F9">
<hideElementsInCurrentOnly>false</hideElementsInCurrentOnly>
<bounds x="706" y="743" width="112" height="73"/>
</OView>
<OView class="oracle.dbtools.crest.swingui.logical.TVEntity" oid="94D7B33D-1A99-9749-340B-E6C5DFADCB2C" otype="Entity" vid="2275C87C-338B-B293-E24A-ECE65B77A828">
<hideElementsInCurrentOnly>false</hideElementsInCurrentOnly>
<bounds x="1107" y="116" width="137" height="57"/>
</OView>
<OView class="oracle.dbtools.crest.swingui.logical.TVEntity" oid="AB40DCC7-AB46-DF34-1B9B-BF53F8674644" otype="Entity" vid="1D8D2C7D-2D65-F200-9395-3979ADEED3A0">
<hideElementsInCurrentOnly>false</hideElementsInCurrentOnly>
<bounds x="474" y="216" width="126" height="73"/>
</OView>
<OView class="oracle.dbtools.crest.swingui.logical.TVEntity" oid="B0BE77F7-B1FC-B362-09BA-A2E41976AF0F" otype="Entity" vid="1AE98D11-5258-295A-87EF-566875661DD6">
<hideElementsInCurrentOnly>false</hideElementsInCurrentOnly>
<bounds x="81" y="544" width="102" height="60"/>
</OView>
<OView class="oracle.dbtools.crest.swingui.logical.TVEntity" oid="BC1F84DA-9C56-53EB-F4F9-0EE4D9A48558" otype="Entity" vid="582E12EC-3CC0-5791-EC64-C80C96F3F46E">
<hideElementsInCurrentOnly>false</hideElementsInCurrentOnly>
<bounds x="83" y="398" width="111" height="60"/>
</OView>
<OView class="oracle.dbtools.crest.swingui.logical.TVEntity" oid="C8AD4BE0-0F9F-ED33-51D1-38CDBB23CBA2" otype="Entity" vid="C6FD27FF-0A38-78FD-43BE-404216A5DE78">
<hideElementsInCurrentOnly>false</hideElementsInCurrentOnly>
<bounds x="701" y="507" width="138" height="86"/>
</OView>
<OView class="oracle.dbtools.crest.swingui.logical.TVEntity" oid="D658C3F1-165B-1713-F52C-D850A00A1DFC" otype="Entity" vid="0C11D6A9-DA6C-1940-8593-69D8CF1ED05B">
<hideElementsInCurrentOnly>false</hideElementsInCurrentOnly>
<bounds x="889" y="216" width="96" height="69"/>
</OView>
<OView class="oracle.dbtools.crest.swingui.logical.TVEntity" oid="DB4606BE-0445-C09E-EBFB-815CE0831AA7" otype="Entity" vid="5DD7E3C2-1D64-CB28-C264-2DC1DDBB7735">
<hideElementsInCurrentOnly>false</hideElementsInCurrentOnly>
<bounds x="468" y="362" width="142" height="70"/>
</OView>
<OView class="oracle.dbtools.crest.swingui.logical.TVEntity" oid="E02FBFC5-01AA-4555-D5D2-1DFFB53A7CC0" otype="Entity" vid="822FBB0D-575B-32A6-D3F9-11942F85A2FC">
<hideElementsInCurrentOnly>false</hideElementsInCurrentOnly>
<bounds x="1234" y="228" width="149" height="56"/>
</OView>
<OView class="oracle.dbtools.crest.swingui.logical.TVEntity" oid="EE3999D8-1AB8-0F8F-1FB5-BAEF51041BC0" otype="Entity" vid="0A17FA30-3E16-2F12-1F89-A29EEE1D611F">
<hideElementsInCurrentOnly>false</hideElementsInCurrentOnly>
<bounds x="510" y="637" width="133" height="57"/>
</OView>
</objectViews>
<connectors>
<Connector class="oracle.dbtools.crest.swingui.logical.TVRelation" oid="11482670-D7C9-6683-5B99-A2BD994249F4" otype="Relation" vid_source="DC9DB7E6-174A-86C4-81DE-EEF15D8889B8" vid_target="FC980B51-F4F4-AB99-F2C5-3C3895CB3AA8">
<hideElementsInCurrentOnly>false</hideElementsInCurrentOnly>
<backgroundColor>-16777216</backgroundColor>
<lineWidth>1</lineWidth>
<sourceLabel class="oracle.dbtools.crest.model.design.Label">
<site>0</site>
<labelBounds x="1323" y="441" width="76" height="30"/>
<noBackgroundColor>true</noBackgroundColor>
<noForegroundColor>true</noForegroundColor>
</sourceLabel>
<targetLabel class="oracle.dbtools.crest.model.design.Label">
<site>2</site>
<labelBounds x="1323" y="482" width="42" height="30"/>
<noBackgroundColor>true</noBackgroundColor>
<noForegroundColor>true</noForegroundColor>
</targetLabel>
<points>
<point x="1323" y="405"/>
<point x="1323" y="518"/>
</points>
</Connector>
<Connector class="oracle.dbtools.crest.swingui.logical.TVRelation" oid="171B04BE-61B8-CA08-157B-3702B823B96D" otype="Relation" vid_source="1E84E6B8-6377-1B36-CFEC-9DBB78B72D87" vid_target="D5C32BAC-91D4-8FE3-B208-9EC01BF73B98">
<hideElementsInCurrentOnly>false</hideElementsInCurrentOnly>
<backgroundColor>-16777216</backgroundColor>
<lineWidth>1</lineWidth>
<points>
<point x="1052" y="375"/>
<point x="833" y="375"/>
</points>
</Connector>
<Connector class="oracle.dbtools.crest.swingui.logical.TVRelation" oid="1F34DD26-B828-3739-BC31-7645FD5FCECA" otype="Relation" vid_source="5DD7E3C2-1D64-CB28-C264-2DC1DDBB7735" vid_target="1D8D2C7D-2D65-F200-9395-3979ADEED3A0">
<hideElementsInCurrentOnly>false</hideElementsInCurrentOnly>
<backgroundColor>-16777216</backgroundColor>
<lineWidth>1</lineWidth>
<points>
<point x="537" y="362"/>
<point x="537" y="289"/>
</points>
</Connector>
<Connector class="oracle.dbtools.crest.swingui.logical.TVRelation" oid="220357F4-798A-03A0-6F36-2CEDA27C45E8" otype="Relation" vid_source="5ADC2951-B3CE-FBEC-21ED-2A7886C2B933" vid_target="4802B5B7-3DAA-D97B-50F4-FAF9B01717F9">
<hideElementsInCurrentOnly>false</hideElementsInCurrentOnly>
<backgroundColor>-16777216</backgroundColor>
<lineWidth>1</lineWidth>
<points>
<point x="763" y="702"/>
<point x="763" y="743"/>
</points>
</Connector>
<Connector class="oracle.dbtools.crest.swingui.logical.TVRelation" oid="248D7501-E881-C9BD-C6F0-CAFD61C51271" otype="Relation" vid_source="FF225413-8A40-E26E-7D95-BBE640B1D07E" vid_target="D5C32BAC-91D4-8FE3-B208-9EC01BF73B98">
<hideElementsInCurrentOnly>false</hideElementsInCurrentOnly>
<backgroundColor>-16777216</backgroundColor>
<lineWidth>1</lineWidth>
<points>
<point x="767" y="283"/>
<point x="767" y="345"/>
</points>
</Connector>
<Connector class="oracle.dbtools.crest.swingui.logical.TVRelation" oid="2D00B590-9C9E-1AA3-26A7-D4C9AD6DC74A" otype="Relation" vid_source="1E84E6B8-6377-1B36-CFEC-9DBB78B72D87" vid_target="822FBB0D-575B-32A6-D3F9-11942F85A2FC">
<hideElementsInCurrentOnly>false</hideElementsInCurrentOnly>
<backgroundColor>-16777216</backgroundColor>
<lineWidth>1</lineWidth>
<points>
<point x="1176" y="329"/>
<point x="1258" y="284"/>
</points>
</Connector>
<Connector class="oracle.dbtools.crest.swingui.logical.TVRelation" oid="2F43B87D-4B52-64C3-9FBD-95B53C1F0082" otype="Relation" vid_source="0C11D6A9-DA6C-1940-8593-69D8CF1ED05B" vid_target="D5C32BAC-91D4-8FE3-B208-9EC01BF73B98">
<hideElementsInCurrentOnly>false</hideElementsInCurrentOnly>
<backgroundColor>-16777216</backgroundColor>
<lineWidth>1</lineWidth>
<points>
<point x="895" y="285"/>
<point x="823" y="345"/>
</points>
</Connector>
<Connector class="oracle.dbtools.crest.swingui.logical.TVRelation" oid="332C8A06-1EF3-B3CE-D295-A4F1CFD5CC75" otype="Relation" vid_source="C6FD27FF-0A38-78FD-43BE-404216A5DE78" vid_target="5ADC2951-B3CE-FBEC-21ED-2A7886C2B933">
<hideElementsInCurrentOnly>false</hideElementsInCurrentOnly>
<backgroundColor>-16777216</backgroundColor>
<lineWidth>1</lineWidth>
<points>
<point x="763" y="593"/>
<point x="763" y="631"/>
</points>
</Connector>
<Connector class="oracle.dbtools.crest.swingui.logical.TVRelation" oid="3CCA65F7-F71B-9E1A-F92F-8E392C5BA9EE" otype="Relation" vid_source="1AE98D11-5258-295A-87EF-566875661DD6" vid_target="582E12EC-3CC0-5791-EC64-C80C96F3F46E">
<hideElementsInCurrentOnly>false</hideElementsInCurrentOnly>
<backgroundColor>-16777216</backgroundColor>
<lineWidth>1</lineWidth>
<sourceLabel class="oracle.dbtools.crest.model.design.Label">
<site>0</site>
<labelBounds x="133" y="508" width="39" height="30"/>
<noBackgroundColor>true</noBackgroundColor>
<noForegroundColor>true</noForegroundColor>
</sourceLabel>
<targetLabel class="oracle.dbtools.crest.model.design.Label">
<site>2</site>
<labelBounds x="133" y="494" width="75" height="30"/>
<noBackgroundColor>true</noBackgroundColor>
<noForegroundColor>true</noForegroundColor>
</targetLabel>
<points>
<point x="133" y="544"/>
<point x="133" y="458"/>
</points>
</Connector>
<Connector class="oracle.dbtools.crest.swingui.logical.TVRelation" oid="3EC7637A-32AA-9EDF-FBE0-BF54B64F4501" otype="Relation" vid_source="582E12EC-3CC0-5791-EC64-C80C96F3F46E" vid_target="7B111093-8047-B458-3E8C-74F51B006B2C">
<hideElementsInCurrentOnly>false</hideElementsInCurrentOnly>
<backgroundColor>-16777216</backgroundColor>
<lineWidth>1</lineWidth>
<points>
<point x="194" y="428"/>
<point x="223" y="428"/>
</points>
</Connector>
<Connector class="oracle.dbtools.crest.swingui.logical.TVRelation" oid="57BBB2B4-C499-4C45-97BC-0B5C46B74E8F" otype="Relation" vid_source="1E84E6B8-6377-1B36-CFEC-9DBB78B72D87" vid_target="DC9DB7E6-174A-86C4-81DE-EEF15D8889B8">
<hideElementsInCurrentOnly>false</hideElementsInCurrentOnly>
<backgroundColor>-16777216</backgroundColor>
<lineWidth>1</lineWidth>
<points>
<point x="1176" y="377"/>
<point x="1242" y="377"/>
</points>
</Connector>
<Connector class="oracle.dbtools.crest.swingui.logical.TVRelation" oid="796E2199-E78D-C0CD-240F-BA438EC08552" otype="Relation" vid_source="7B111093-8047-B458-3E8C-74F51B006B2C" vid_target="5DD7E3C2-1D64-CB28-C264-2DC1DDBB7735">
<hideElementsInCurrentOnly>false</hideElementsInCurrentOnly>
<backgroundColor>-16777216</backgroundColor>
<lineWidth>1</lineWidth>
<points>
<point x="367" y="412"/>
<point x="468" y="412"/>
</points>
</Connector>
<Connector class="oracle.dbtools.crest.swingui.logical.TVRelation" oid="84F43B2C-C61D-E63B-31E9-1685A4898628" otype="Relation" vid_source="5DD7E3C2-1D64-CB28-C264-2DC1DDBB7735" vid_target="D5C32BAC-91D4-8FE3-B208-9EC01BF73B98">
<hideElementsInCurrentOnly>false</hideElementsInCurrentOnly>
<backgroundColor>-16777216</backgroundColor>
<lineWidth>1</lineWidth>
<points>
<point x="610" y="397"/>
<point x="701" y="397"/>
</points>
</Connector>
<Connector class="oracle.dbtools.crest.swingui.logical.TVRelation" oid="963DB1DA-F7BB-1A81-4538-B207EF60B860" otype="Relation" vid_source="5ADC2951-B3CE-FBEC-21ED-2A7886C2B933" vid_target="02904E85-BC91-27A8-4BB7-29C3698281DD">
<hideElementsInCurrentOnly>false</hideElementsInCurrentOnly>
<backgroundColor>-16777216</backgroundColor>
<lineWidth>1</lineWidth>
<points>
<point x="818" y="663"/>
<point x="903" y="663"/>
</points>
</Connector>
<Connector class="oracle.dbtools.crest.swingui.logical.TVRelation" oid="AA7942C2-4179-9515-22D4-4FCFA66B04D8" otype="Relation" vid_source="D5C32BAC-91D4-8FE3-B208-9EC01BF73B98" vid_target="53D1E3C7-DBC8-C962-0D18-D30A8908A141">
<hideElementsInCurrentOnly>false</hideElementsInCurrentOnly>
<backgroundColor>-16777216</backgroundColor>
<lineWidth>1</lineWidth>
<points>
<point x="833" y="430"/>
<point x="929" y="487"/>
</points>
</Connector>
<Connector class="oracle.dbtools.crest.swingui.logical.TVRelation" oid="B238FB1F-63CA-95F0-BE72-78D12CE69FAB" otype="Relation" vid_source="5ADC2951-B3CE-FBEC-21ED-2A7886C2B933" vid_target="0A17FA30-3E16-2F12-1F89-A29EEE1D611F">
<hideElementsInCurrentOnly>false</hideElementsInCurrentOnly>
<backgroundColor>-16777216</backgroundColor>
<lineWidth>1</lineWidth>
<points>
<point x="708" y="665"/>
<point x="643" y="665"/>
</points>
</Connector>
<Connector class="oracle.dbtools.crest.swingui.logical.TVRelation" oid="BC41C9D2-E326-6096-BDEC-24264F5B72C8" otype="Relation" vid_source="D5C32BAC-91D4-8FE3-B208-9EC01BF73B98" vid_target="C6FD27FF-0A38-78FD-43BE-404216A5DE78">
<hideElementsInCurrentOnly>false</hideElementsInCurrentOnly>
<backgroundColor>-16777216</backgroundColor>
<lineWidth>1</lineWidth>
<points>
<point x="767" y="440"/>
<point x="767" y="507"/>
</points>
</Connector>
<Connector class="oracle.dbtools.crest.swingui.logical.TVRelation" oid="CB978414-C216-0116-0122-162D0E68D999" otype="Relation" vid_source="B80D11D2-5AC0-3359-C817-8178EA86A03C" vid_target="1E84E6B8-6377-1B36-CFEC-9DBB78B72D87">
<hideElementsInCurrentOnly>false</hideElementsInCurrentOnly>
<backgroundColor>-16777216</backgroundColor>
<lineWidth>1</lineWidth>
<points>
<point x="1092" y="285"/>
<point x="1092" y="322"/>
</points>
</Connector>
<Connector class="oracle.dbtools.crest.swingui.logical.TVRelation" oid="DBDE2E62-3D59-68B7-6897-E68D08603256" otype="Relation" vid_source="52E3A11F-773D-9594-DBE7-CB368324200F" vid_target="7B111093-8047-B458-3E8C-74F51B006B2C">
<hideElementsInCurrentOnly>false</hideElementsInCurrentOnly>
<backgroundColor>-16777216</backgroundColor>
<lineWidth>1</lineWidth>
<points>
<point x="296" y="268"/>
<point x="296" y="324"/>
</points>
</Connector>
<Connector class="oracle.dbtools.crest.swingui.logical.TVRelation" oid="E0187B86-FC43-0E83-3836-27595B26CC4A" otype="Relation" vid_source="2275C87C-338B-B293-E24A-ECE65B77A828" vid_target="1E84E6B8-6377-1B36-CFEC-9DBB78B72D87">
<hideElementsInCurrentOnly>false</hideElementsInCurrentOnly>
<backgroundColor>-16777216</backgroundColor>
<lineWidth>1</lineWidth>
<points>
<point x="1141" y="173"/>
<point x="1141" y="322"/>
</points>
</Connector>
<Connector class="oracle.dbtools.crest.swingui.logical.TVRelation" oid="E4B7F3EB-76C5-CD9A-C45F-4D0F07DB6993" otype="Relation" vid_source="7B111093-8047-B458-3E8C-74F51B006B2C" vid_target="74A28AD5-7B31-E387-6959-FBEA9B0FAB2D">
<hideElementsInCurrentOnly>false</hideElementsInCurrentOnly>
<backgroundColor>-16777216</backgroundColor>
<lineWidth>1</lineWidth>
<points>
<point x="223" y="352"/>
<point x="176" y="352"/>
</points>
</Connector>
<Connector class="oracle.dbtools.crest.swingui.logical.TVRelation" oid="FA853C45-0842-0F2B-EA65-548CDE84C49C" otype="Relation" vid_source="C9075DF7-E02D-7815-B92A-E01D88EDF430" vid_target="0C11D6A9-DA6C-1940-8593-69D8CF1ED05B">
<hideElementsInCurrentOnly>false</hideElementsInCurrentOnly>
<backgroundColor>-16777216</backgroundColor>
<lineWidth>1</lineWidth>
<points>
<point x="937" y="171"/>
<point x="937" y="216"/>
</points>
</Connector>
</connectors>
</Diagram>