<?xml version = '1.0' encoding = 'UTF-8'?>
<Table class="oracle.dbtools.crest.model.design.relational.Table" directorySegmentName="seg_0" id="116D416B-2BF4-2DAD-D030-89313D7D968F" name="DERIVACION">
<createdBy>Francis</createdBy>
<createdTime>2025-09-14 02:58:22 UTC</createdTime>
<generatorID>54582F60-6009-7C57-73E2-5EE862899A21</generatorID>
<ownerDesignName>Centro_medico</ownerDesignName>
<allowColumnReorder>false</allowColumnReorder>
<existDependencyGenerateInDDl>true</existDependencyGenerateInDDl>
<parsed>true</parsed>
<columns itemClass="oracle.dbtools.crest.model.design.relational.Column">
<Column name="id_derivacion" id="C01A9841-D392-DFCA-924C-38ADA589D1F4">
<createdBy>Francis</createdBy>
<createdTime>2025-09-14 02:58:22 UTC</createdTime>
<generatorID>AEDE2995-9A7D-47D3-9144-E8217245A5A2</generatorID>
<ownerDesignName>Centro_medico</ownerDesignName>
<useDomainConstraints>false</useDomainConstraints>
<use>1</use>
<logicalDatatype>LOGDT019</logicalDatatype>
<dataTypePrecision>30</dataTypePrecision>
<ownDataTypeParameters>,30,</ownDataTypeParameters>
<autoIncrementCycle>false</autoIncrementCycle>
</Column>
<Column name="id_atencion" id="86887B34-D459-A1BC-E967-B56A1ED7FE5C">
<createdBy>Francis</createdBy>
<createdTime>2025-09-14 02:58:22 UTC</createdTime>
<generatorID>8F859584-BC7D-EC2D-3931-E88AE2A898D9</generatorID>
<ownerDesignName>Centro_medico</ownerDesignName>
<nullsAllowed>true</nullsAllowed>
<useDomainConstraints>false</useDomainConstraints>
<use>1</use>
<logicalDatatype>LOGDT019</logicalDatatype>
<dataTypePrecision>10</dataTypePrecision>
<ownDataTypeParameters>,,</ownDataTypeParameters>
<previousColumn>false</previousColumn>
<autoIncrementCycle>false</autoIncrementCycle>
<associations>
<colAssociation fkAssociation="F5217C27-C528-C387-AD2C-99A2F78A489B" referredColumn="A2E5C1E0-F8BC-3873-954D-65C4B0DFAA28"/>
</associations>
</Column>
</columns>
<indexes itemClass="oracle.dbtools.crest.model.design.relational.Index">
<ind_PK_UK id="BABB08AC-93AD-FB63-AED8-991F2786A1EF" name="DERIVACION_PK">
<createdBy>Francis</createdBy>
<createdTime>2025-09-14 02:58:22 UTC</createdTime>
<generatorID>E5FC287B-5879-ABBB-156D-8EFB8C3B8775</generatorID>
<ownerDesignName>Centro_medico</ownerDesignName>
<pk>true</pk>
<indexState>Primary Constraint</indexState>
<isSurrogateKey>false</isSurrogateKey>
<indexColumnUsage>
<colUsage columnID="C01A9841-D392-DFCA-924C-38ADA589D1F4"/>
</indexColumnUsage>
</ind_PK_UK>
<ind_PK_UK id="61D0A905-8C81-ADC3-604A-5E9120FAD655" name="DERIVACION_ATENCION_FK">
<createdBy>Francis</createdBy>
<createdTime>2025-09-14 02:58:22 UTC</createdTime>
<generatorID>AA7942C2-4179-9515-22D4-4FCFA66B04D8</generatorID>
<ownerDesignName>Centro_medico</ownerDesignName>
<indexState>Foreign Key</indexState>
<isSurrogateKey>false</isSurrogateKey>
<indexColumnUsage>
<colUsage columnID="86887B34-D459-A1BC-E967-B56A1ED7FE5C"/>
</indexColumnUsage>
</ind_PK_UK>
</indexes>
</Table>