<?xml version = '1.0' encoding = 'UTF-8'?>
<Table class="oracle.dbtools.crest.model.design.relational.Table" directorySegmentName="seg_0" id="15431F8E-9CDD-D317-9A3A-4C20137B0505" name="TIPO_MUESTRA">
<createdBy>Francis</createdBy>
<createdTime>2025-09-14 04:05:36 UTC</createdTime>
<ownerDesignName>Centro_medico</ownerDesignName>
<ordsAlias>table_24</ordsAlias>
<allowColumnReorder>false</allowColumnReorder>
<existDependencyGenerateInDDl>true</existDependencyGenerateInDDl>
<parsed>true</parsed>
<columns itemClass="oracle.dbtools.crest.model.design.relational.Column">
<Column name="id_tipo_muestra" id="D3A3A270-FB23-B4B2-F16E-E329E8061707">
<createdBy>Francis</createdBy>
<createdTime>2025-09-14 04:06:06 UTC</createdTime>
<ownerDesignName>Centro_medico</ownerDesignName>
<useDomainConstraints>false</useDomainConstraints>
<use>1</use>
<logicalDatatype>LOGDT019</logicalDatatype>
<dataTypePrecision>20</dataTypePrecision>
<ownDataTypeParameters>,20,</ownDataTypeParameters>
<autoIncrementCycle>false</autoIncrementCycle>
</Column>
<Column name="descripcion" id="0C69E271-9002-BB01-142A-44D72F0C2B2A">
<createdBy>Francis</createdBy>
<createdTime>2025-09-14 04:06:25 UTC</createdTime>
<ownerDesignName>Centro_medico</ownerDesignName>
<useDomainConstraints>false</useDomainConstraints>
<use>1</use>
<logicalDatatype>LOGDT024</logicalDatatype>
<dataTypeSize>30</dataTypeSize>
<ownDataTypeParameters>30,,</ownDataTypeParameters>
<autoIncrementCycle>false</autoIncrementCycle>
</Column>
<Column name="id_examen" id="0B95478F-3451-1F35-8085-E60A513D0E79">
<createdBy>Francis</createdBy>
<createdTime>2025-09-14 18:58:17 UTC</createdTime>
<ownerDesignName>Centro_medico</ownerDesignName>
<useDomainConstraints>false</useDomainConstraints>
<use>1</use>
<logicalDatatype>LOGDT019</logicalDatatype>
<dataTypePrecision>20</dataTypePrecision>
<ownDataTypeParameters>,,</ownDataTypeParameters>
<previousColumn>false</previousColumn>
<autoIncrementCycle>false</autoIncrementCycle>
<associations>
<colAssociation fkAssociation="2C12C02D-CA78-D2F7-8CEE-1AD81CD013AD" referredColumn="BBF803C6-55AE-7216-27BF-892B7C6FC7C3"/>
</associations>
</Column>
</columns>
<indexes itemClass="oracle.dbtools.crest.model.design.relational.Index">
<ind_PK_UK id="A4EEF823-071F-5FDD-A100-DE7C0D62C047" name="TIPO_MUESTRA_PK">
<createdBy>Francis</createdBy>
<createdTime>2025-09-14 04:06:06 UTC</createdTime>
<ownerDesignName>Centro_medico</ownerDesignName>
<pk>true</pk>
<indexState>Primary Constraint</indexState>
<isSurrogateKey>false</isSurrogateKey>
<indexColumnUsage>
<colUsage columnID="D3A3A270-FB23-B4B2-F16E-E329E8061707"/>
</indexColumnUsage>
</ind_PK_UK>
<ind_PK_UK id="B1B60D44-97B1-2B0F-0EB3-0937E8F5DE27" name="TIPO_MUESTRA_EXAMEN_FK">
<createdBy>Francis</createdBy>
<createdTime>2025-09-14 18:58:17 UTC</createdTime>
<generatorID>2BB0C7F4-B809-4718-F749-6BA72115BF6C</generatorID>
<ownerDesignName>Centro_medico</ownerDesignName>
<indexState>Foreign Key</indexState>
<isSurrogateKey>false</isSurrogateKey>
<indexColumnUsage>
<colUsage columnID="0B95478F-3451-1F35-8085-E60A513D0E79"/>
</indexColumnUsage>
</ind_PK_UK>
</indexes>
</Table>