<?xml version = '1.0' encoding = 'UTF-8'?>
<Table class="oracle.dbtools.crest.model.design.relational.Table" directorySegmentName="seg_0" id="2EE2F06B-2396-0324-94C2-2BDA2910B288" name="CITA">
<createdBy>Francis</createdBy>
<createdTime>2025-09-14 02:58:22 UTC</createdTime>
<generatorID>DB4606BE-0445-C09E-EBFB-815CE0831AA7</generatorID>
<ownerDesignName>Centro_medico</ownerDesignName>
<allowColumnReorder>false</allowColumnReorder>
<existDependencyGenerateInDDl>true</existDependencyGenerateInDDl>
<parsed>true</parsed>
<columns itemClass="oracle.dbtools.crest.model.design.relational.Column">
<Column name="rut" id="5A207B7A-3F28-9230-28AF-634163C0A22C">
<createdBy>Francis</createdBy>
<createdTime>2025-09-14 02:58:22 UTC</createdTime>
<generatorID>ACD47A69-1B53-2D54-9A46-5FE29A082B90</generatorID>
<ownerDesignName>Centro_medico</ownerDesignName>
<nullsAllowed>true</nullsAllowed>
<useDomainConstraints>false</useDomainConstraints>
<use>1</use>
<logicalDatatype>LOGDT024</logicalDatatype>
<dataTypeSize>10</dataTypeSize>
<ownDataTypeParameters>10,,</ownDataTypeParameters>
<previousColumn>false</previousColumn>
<autoIncrementCycle>false</autoIncrementCycle>
<associations>
<colAssociation fkAssociation="93CCCE25-F45A-BABC-A947-E6DC06DAAD3B" referredColumn="2627C288-ABDB-35C5-8B8D-97593AC04388"/>
</associations>
</Column>
<Column name="id_cita" id="A89E0C8B-59FF-172C-236E-AB91E3B0FD98">
<createdBy>Francis</createdBy>
<createdTime>2025-09-14 02:58:22 UTC</createdTime>
<generatorID>1A3B0A5C-C456-8142-1774-6417697D4D21</generatorID>
<ownerDesignName>Centro_medico</ownerDesignName>
<useDomainConstraints>false</useDomainConstraints>
<use>1</use>
<logicalDatatype>LOGDT019</logicalDatatype>
<dataTypePrecision>20</dataTypePrecision>
<ownDataTypeParameters>,20,</ownDataTypeParameters>
<autoIncrementCycle>false</autoIncrementCycle>
</Column>
<Column name="fecha_cita" id="4BC8E8C5-BC35-569C-C38D-7F98529B233C">
<createdBy>Francis</createdBy>
<createdTime>2025-09-14 02:58:22 UTC</createdTime>
<generatorID>C2149100-A1B0-B265-FDD1-31C1DA8A0308</generatorID>
<ownerDesignName>Centro_medico</ownerDesignName>
<useDomainConstraints>false</useDomainConstraints>
<use>1</use>
<logicalDatatype>LOGDT007</logicalDatatype>
<ownDataTypeParameters>,,</ownDataTypeParameters>
<autoIncrementCycle>false</autoIncrementCycle>
</Column>
<Column name="id_estado_cita" id="F2CECD8B-610D-09E0-5800-D0A922FBE561">
<createdBy>Francis</createdBy>
<createdTime>2025-09-14 02:58:22 UTC</createdTime>
<generatorID>EBCA875A-D68E-6539-6287-E1E9613AAF7F</generatorID>
<ownerDesignName>Centro_medico</ownerDesignName>
<useDomainConstraints>false</useDomainConstraints>
<use>1</use>
<logicalDatatype>LOGDT019</logicalDatatype>
<dataTypePrecision>20</dataTypePrecision>
<ownDataTypeParameters>,20,</ownDataTypeParameters>
<previousColumn>false</previousColumn>
<autoIncrementCycle>false</autoIncrementCycle>
<associations>
<colAssociation fkAssociation="E12385D9-7547-CD5B-E0E3-7E500B1DBD11" referredColumn="C095F76D-76BB-A5A3-0B85-2CA810F486CF"/>
</associations>
</Column>
<Column name="id_atencion" id="DD25975B-4495-F10F-C599-67AF2B3B37C5">
<createdBy>Francis</createdBy>
<createdTime>2025-09-14 02:58:22 UTC</createdTime>
<generatorID>0E802E93-2F6A-62DB-D5CB-F03F97EAD364</generatorID>
<ownerDesignName>Centro_medico</ownerDesignName>
<useDomainConstraints>false</useDomainConstraints>
<use>1</use>
<logicalDatatype>LOGDT019</logicalDatatype>
<dataTypePrecision>20</dataTypePrecision>
<ownDataTypeParameters>,20,</ownDataTypeParameters>
<previousColumn>false</previousColumn>
<autoIncrementCycle>false</autoIncrementCycle>
<associations>
<colAssociation fkAssociation="39AD572D-0973-EB63-4708-A3EA7613E9AB" referredColumn="A2E5C1E0-F8BC-3873-954D-65C4B0DFAA28"/>
</associations>
</Column>
</columns>
<indexes itemClass="oracle.dbtools.crest.model.design.relational.Index">
<ind_PK_UK id="67F43256-CFDB-C18E-8AB0-40AB5EEA82A6" name="CITA_PK">
<createdBy>Francis</createdBy>
<createdTime>2025-09-14 02:58:22 UTC</createdTime>
<generatorID>5EA72C64-F5ED-94D1-F655-0591CA70B663</generatorID>
<ownerDesignName>Centro_medico</ownerDesignName>
<pk>true</pk>
<indexState>Primary Constraint</indexState>
<isSurrogateKey>false</isSurrogateKey>
<indexColumnUsage>
<colUsage columnID="A89E0C8B-59FF-172C-236E-AB91E3B0FD98"/>
</indexColumnUsage>
</ind_PK_UK>
<ind_PK_UK id="2D240F93-7377-5E9B-6012-5B241EF92BCA" name="CITA__IDX">
<createdBy>Francis</createdBy>
<createdTime>2025-09-14 02:58:22 UTC</createdTime>
<ownerDesignName>Centro_medico</ownerDesignName>
<indexState>Unique Plain Index</indexState>
<isSurrogateKey>false</isSurrogateKey>
<relationGeneratorID>84F43B2C-C61D-E63B-31E9-1685A4898628</relationGeneratorID>
<indexColumnUsage>
<colUsage columnID="DD25975B-4495-F10F-C599-67AF2B3B37C5"/>
</indexColumnUsage>
</ind_PK_UK>
<ind_PK_UK id="8EC28A87-EA01-CACF-75D6-1D8B1D74E00B" name="CITA__IDXv1">
<createdBy>Francis</createdBy>
<createdTime>2025-09-14 02:58:22 UTC</createdTime>
<ownerDesignName>Centro_medico</ownerDesignName>
<indexState>Unique Plain Index</indexState>
<isSurrogateKey>false</isSurrogateKey>
<relationGeneratorID>1F34DD26-B828-3739-BC31-7645FD5FCECA</relationGeneratorID>
<indexColumnUsage>
<colUsage columnID="F2CECD8B-610D-09E0-5800-D0A922FBE561"/>
</indexColumnUsage>
</ind_PK_UK>
<ind_PK_UK id="473B2A98-3496-C4D0-4A8B-A770028ED13C" name="CITA_ATENCION_FK">
<createdBy>Francis</createdBy>
<createdTime>2025-09-14 02:58:22 UTC</createdTime>
<generatorID>84F43B2C-C61D-E63B-31E9-1685A4898628</generatorID>
<ownerDesignName>Centro_medico</ownerDesignName>
<indexState>Foreign Key</indexState>
<isSurrogateKey>false</isSurrogateKey>
<indexColumnUsage>
<colUsage columnID="DD25975B-4495-F10F-C599-67AF2B3B37C5"/>
</indexColumnUsage>
</ind_PK_UK>
<ind_PK_UK id="F36C7AA4-DED2-605A-6276-030BEFBCFC10" name="CITA_ESTADO_CITA_FK">
<createdBy>Francis</createdBy>
<createdTime>2025-09-14 02:58:22 UTC</createdTime>
<generatorID>1F34DD26-B828-3739-BC31-7645FD5FCECA</generatorID>
<ownerDesignName>Centro_medico</ownerDesignName>
<indexState>Foreign Key</indexState>
<isSurrogateKey>false</isSurrogateKey>
<indexColumnUsage>
<colUsage columnID="F2CECD8B-610D-09E0-5800-D0A922FBE561"/>
</indexColumnUsage>
</ind_PK_UK>
<ind_PK_UK id="36453EC3-9DA0-02A5-CCB8-DDA5DF914A00" name="CITA_PACIENTE_FK">
<createdBy>Francis</createdBy>
<createdTime>2025-09-14 02:58:22 UTC</createdTime>
<generatorID>796E2199-E78D-C0CD-240F-BA438EC08552</generatorID>
<ownerDesignName>Centro_medico</ownerDesignName>
<indexState>Foreign Key</indexState>
<isSurrogateKey>false</isSurrogateKey>
<indexColumnUsage>
<colUsage columnID="5A207B7A-3F28-9230-28AF-634163C0A22C"/>
</indexColumnUsage>
</ind_PK_UK>
</indexes>
</Table>