<?xml version = '1.0' encoding = 'UTF-8'?>
<Table class="oracle.dbtools.crest.model.design.relational.Table" directorySegmentName="seg_0" id="58A93BF8-AEB9-5652-D12D-9F4AC995DAB3" name="ATENCION">
<createdBy>Francis</createdBy>
<createdTime>2025-09-14 02:58:22 UTC</createdTime>
<generatorID>41B289FA-E43A-0AB8-39E0-07B2CF63FB5B</generatorID>
<ownerDesignName>Centro_medico</ownerDesignName>
<allowColumnReorder>false</allowColumnReorder>
<existDependencyGenerateInDDl>true</existDependencyGenerateInDDl>
<parsed>true</parsed>
<columns itemClass="oracle.dbtools.crest.model.design.relational.Column">
<Column name="id_atencion" id="A2E5C1E0-F8BC-3873-954D-65C4B0DFAA28">
<createdBy>Francis</createdBy>
<createdTime>2025-09-14 02:58:22 UTC</createdTime>
<generatorID>9886CE7B-C26A-E143-C690-2217EC2CE238</generatorID>
<ownerDesignName>Centro_medico</ownerDesignName>
<useDomainConstraints>false</useDomainConstraints>
<use>1</use>
<logicalDatatype>LOGDT019</logicalDatatype>
<dataTypePrecision>10</dataTypePrecision>
<ownDataTypeParameters>,10,</ownDataTypeParameters>
<autoIncrementCycle>false</autoIncrementCycle>
</Column>
<Column name="diagnostico" id="68B8AE11-0176-721D-8993-A298F092F88F">
<createdBy>Francis</createdBy>
<createdTime>2025-09-14 02:58:22 UTC</createdTime>
<generatorID>306BAE22-9521-1606-EDB0-C9A4BA0E3B72</generatorID>
<ownerDesignName>Centro_medico</ownerDesignName>
<useDomainConstraints>false</useDomainConstraints>
<use>1</use>
<logicalDatatype>LOGDT024</logicalDatatype>
<dataTypeSize>100</dataTypeSize>
<ownDataTypeParameters>100,,</ownDataTypeParameters>
<autoIncrementCycle>false</autoIncrementCycle>
</Column>
<Column name="id_medico" id="3736E148-FB47-9F18-C157-FCC29FEDF4C4">
<createdBy>Francis</createdBy>
<createdTime>2025-09-14 02:58:22 UTC</createdTime>
<generatorID>CE49E1C6-BB73-1E90-EAD1-C4790FF83BEC</generatorID>
<ownerDesignName>Centro_medico</ownerDesignName>
<useDomainConstraints>false</useDomainConstraints>
<use>1</use>
<logicalDatatype>LOGDT019</logicalDatatype>
<dataTypePrecision>20</dataTypePrecision>
<ownDataTypeParameters>,20,</ownDataTypeParameters>
<previousColumn>false</previousColumn>
<autoIncrementCycle>false</autoIncrementCycle>
<associations>
<colAssociation fkAssociation="434A96D9-3477-422A-8450-E1CF42C120D4" referredColumn="60B087B4-7A19-AC0B-6854-FBA8B0FB7835"/>
</associations>
</Column>
<Column name="id_tipo_atencion" id="147196AD-11D7-1684-1962-226B72856F11">
<createdBy>Francis</createdBy>
<createdTime>2025-09-14 02:58:22 UTC</createdTime>
<generatorID>C3FB8C64-FAA0-EF53-7597-4C1B8727A816</generatorID>
<ownerDesignName>Centro_medico</ownerDesignName>
<useDomainConstraints>false</useDomainConstraints>
<use>1</use>
<logicalDatatype>LOGDT019</logicalDatatype>
<dataTypePrecision>20</dataTypePrecision>
<ownDataTypeParameters>,20,</ownDataTypeParameters>
<previousColumn>false</previousColumn>
<autoIncrementCycle>false</autoIncrementCycle>
<associations>
<colAssociation fkAssociation="9E9684DE-FD33-164F-91D8-B4CF215D7EA2" referredColumn="8900AA73-E16C-9C3E-8790-530BF624038B"/>
</associations>
</Column>
<Column name="id_pago" id="B84A7CAD-4387-59A6-9F61-999A8CBCABEB">
<createdBy>Francis</createdBy>
<createdTime>2025-09-14 02:58:22 UTC</createdTime>
<generatorID>69B69834-B256-E6F7-1003-EF96D1EFA75D</generatorID>
<ownerDesignName>Centro_medico</ownerDesignName>
<useDomainConstraints>false</useDomainConstraints>
<use>1</use>
<logicalDatatype>LOGDT019</logicalDatatype>
<dataTypePrecision>20</dataTypePrecision>
<ownDataTypeParameters>,20,</ownDataTypeParameters>
<previousColumn>false</previousColumn>
<autoIncrementCycle>false</autoIncrementCycle>
<associations>
<colAssociation fkAssociation="42D6042C-1D1B-014D-C9F5-C194E9679893" referredColumn="A4B03491-92C6-4205-D1C3-5479C2C0A1FE"/>
</associations>
</Column>
</columns>
<indexes itemClass="oracle.dbtools.crest.model.design.relational.Index">
<ind_PK_UK id="124306F9-02D9-D30D-20E7-1F0656F3CDAD" name="ATENCION_PK">
<createdBy>Francis</createdBy>
<createdTime>2025-09-14 02:58:22 UTC</createdTime>
<generatorID>B118F865-E53D-838F-4B14-C9062A40CF2C</generatorID>
<ownerDesignName>Centro_medico</ownerDesignName>
<pk>true</pk>
<indexState>Primary Constraint</indexState>
<isSurrogateKey>false</isSurrogateKey>
<indexColumnUsage>
<colUsage columnID="A2E5C1E0-F8BC-3873-954D-65C4B0DFAA28"/>
</indexColumnUsage>
</ind_PK_UK>
<ind_PK_UK id="BB1243E2-7A66-D6F9-49DB-9EBA0FA5B971" name="ATENCION__IDX">
<createdBy>Francis</createdBy>
<createdTime>2025-09-14 02:58:22 UTC</createdTime>
<ownerDesignName>Centro_medico</ownerDesignName>
<indexState>Unique Plain Index</indexState>
<isSurrogateKey>false</isSurrogateKey>
<relationGeneratorID>2F43B87D-4B52-64C3-9FBD-95B53C1F0082</relationGeneratorID>
<indexColumnUsage>
<colUsage columnID="B84A7CAD-4387-59A6-9F61-999A8CBCABEB"/>
</indexColumnUsage>
</ind_PK_UK>
<ind_PK_UK id="37587EFC-C642-6ABB-0F56-D108BD1746DF" name="ATENCION_MEDICO_FK">
<createdBy>Francis</createdBy>
<createdTime>2025-09-14 02:58:22 UTC</createdTime>
<generatorID>171B04BE-61B8-CA08-157B-3702B823B96D</generatorID>
<ownerDesignName>Centro_medico</ownerDesignName>
<indexState>Foreign Key</indexState>
<isSurrogateKey>false</isSurrogateKey>
<indexColumnUsage>
<colUsage columnID="3736E148-FB47-9F18-C157-FCC29FEDF4C4"/>
</indexColumnUsage>
</ind_PK_UK>
<ind_PK_UK id="1980CE4D-0D2B-FB4B-9902-C809983603E4" name="ATENCION_PAGO_FK">
<createdBy>Francis</createdBy>
<createdTime>2025-09-14 02:58:22 UTC</createdTime>
<generatorID>2F43B87D-4B52-64C3-9FBD-95B53C1F0082</generatorID>
<ownerDesignName>Centro_medico</ownerDesignName>
<indexState>Foreign Key</indexState>
<isSurrogateKey>false</isSurrogateKey>
<indexColumnUsage>
<colUsage columnID="B84A7CAD-4387-59A6-9F61-999A8CBCABEB"/>
</indexColumnUsage>
</ind_PK_UK>
<ind_PK_UK id="6267E4C3-CC15-6B7B-573D-5751E91B2480" name="ATENCION_TIPO_ATENCION_FK">
<createdBy>Francis</createdBy>
<createdTime>2025-09-14 02:58:22 UTC</createdTime>
<generatorID>248D7501-E881-C9BD-C6F0-CAFD61C51271</generatorID>
<ownerDesignName>Centro_medico</ownerDesignName>
<indexState>Foreign Key</indexState>
<isSurrogateKey>false</isSurrogateKey>
<indexColumnUsage>
<colUsage columnID="147196AD-11D7-1684-1962-226B72856F11"/>
</indexColumnUsage>
</ind_PK_UK>
</indexes>
</Table>