<?xml version = '1.0' encoding = 'UTF-8'?>
<Table class="oracle.dbtools.crest.model.design.relational.Table" directorySegmentName="seg_0" id="5DBF5A45-DD64-B13F-0324-6A3DB3955133" name="ESTADO_CITA">
<createdBy>Francis</createdBy>
<createdTime>2025-09-14 02:58:22 UTC</createdTime>
<generatorID>AB40DCC7-AB46-DF34-1B9B-BF53F8674644</generatorID>
<ownerDesignName>Centro_medico</ownerDesignName>
<allowColumnReorder>false</allowColumnReorder>
<existDependencyGenerateInDDl>true</existDependencyGenerateInDDl>
<parsed>true</parsed>
<columns itemClass="oracle.dbtools.crest.model.design.relational.Column">
<Column name="descripcion" id="915074EC-9EE7-E76C-A35B-7BA19C0C524C">
<createdBy>Francis</createdBy>
<createdTime>2025-09-14 02:58:22 UTC</createdTime>
<comment><![CDATA[confirmada, anulada ]]></comment>
<generatorID>459A6903-705C-FCF2-9540-8D694E30D9D2</generatorID>
<ownerDesignName>Centro_medico</ownerDesignName>
<useDomainConstraints>false</useDomainConstraints>
<use>1</use>
<logicalDatatype>LOGDT024</logicalDatatype>
<dataTypeSize>30</dataTypeSize>
<ownDataTypeParameters>30,,</ownDataTypeParameters>
<autoIncrementCycle>false</autoIncrementCycle>
</Column>
<Column name="id_estado_cita" id="C095F76D-76BB-A5A3-0B85-2CA810F486CF">
<createdBy>Francis</createdBy>
<createdTime>2025-09-14 02:58:22 UTC</createdTime>
<generatorID>84F921B4-3E6F-19EF-587E-5EC01E42D248</generatorID>
<ownerDesignName>Centro_medico</ownerDesignName>
<useDomainConstraints>false</useDomainConstraints>
<use>1</use>
<logicalDatatype>LOGDT019</logicalDatatype>
<dataTypePrecision>20</dataTypePrecision>
<ownDataTypeParameters>,20,</ownDataTypeParameters>
<previousColumn>false</previousColumn>
<autoIncrementCycle>false</autoIncrementCycle>
<associations>
<colAssociation fkAssociation="070F9052-A3A1-4939-7C1B-A1EB907E1912" referredColumn="A89E0C8B-59FF-172C-236E-AB91E3B0FD98"/>
</associations>
</Column>
</columns>
<indexes itemClass="oracle.dbtools.crest.model.design.relational.Index">
<ind_PK_UK id="2278A35A-78D1-909B-0FAC-5A96DF851523" name="ESTADO_CITA_PK">
<createdBy>Francis</createdBy>
<createdTime>2025-09-14 02:58:22 UTC</createdTime>
<generatorID>5707925A-C3A7-2C7B-6934-6C0D4B440611</generatorID>
<ownerDesignName>Centro_medico</ownerDesignName>
<pk>true</pk>
<indexState>Primary Constraint</indexState>
<isSurrogateKey>false</isSurrogateKey>
<indexColumnUsage>
<colUsage columnID="C095F76D-76BB-A5A3-0B85-2CA810F486CF"/>
</indexColumnUsage>
</ind_PK_UK>
<ind_PK_UK id="4BDAF978-EBBF-8792-353C-ABC2FE79FC61" name="ESTADO_CITA_CITA_FK">
<createdBy>Francis</createdBy>
<createdTime>2025-09-14 02:58:22 UTC</createdTime>
<generatorID>1F34DD26-B828-3739-BC31-7645FD5FCECA</generatorID>
<ownerDesignName>Centro_medico</ownerDesignName>
<indexState>Foreign Key</indexState>
<isSurrogateKey>false</isSurrogateKey>
<indexColumnUsage>
<colUsage columnID="C095F76D-76BB-A5A3-0B85-2CA810F486CF"/>
</indexColumnUsage>
</ind_PK_UK>
</indexes>
</Table>