<?xml version = '1.0' encoding = 'UTF-8'?>
<Table class="oracle.dbtools.crest.model.design.relational.Table" directorySegmentName="seg_0" id="663B7996-1FBC-C570-831C-30FF58C8CA65" name="MEDICO_SUPERVISOR">
<createdBy>Francis</createdBy>
<createdTime>2025-09-14 02:58:22 UTC</createdTime>
<generatorID>E02FBFC5-01AA-4555-D5D2-1DFFB53A7CC0</generatorID>
<ownerDesignName>Centro_medico</ownerDesignName>
<allowColumnReorder>false</allowColumnReorder>
<existDependencyGenerateInDDl>true</existDependencyGenerateInDDl>
<parsed>true</parsed>
<columns itemClass="oracle.dbtools.crest.model.design.relational.Column">
<Column name="id_supervisor" id="27B3BCD4-A8D7-77C0-8481-DF6D52874EBA">
<createdBy>Francis</createdBy>
<createdTime>2025-09-14 02:58:22 UTC</createdTime>
<generatorID>E1CCDEC8-6CA3-123D-BD44-4DF9655531DA</generatorID>
<ownerDesignName>Centro_medico</ownerDesignName>
<useDomainConstraints>false</useDomainConstraints>
<use>1</use>
<logicalDatatype>LOGDT019</logicalDatatype>
<dataTypePrecision>20</dataTypePrecision>
<ownDataTypeParameters>,20,</ownDataTypeParameters>
<autoIncrementCycle>false</autoIncrementCycle>
</Column>
<Column name="rut" id="A70E8C78-FF19-9A47-0BC4-2E59BC5258FA">
<createdBy>Francis</createdBy>
<createdTime>2025-09-14 02:58:22 UTC</createdTime>
<generatorID>6B696F56-1F96-8260-27A3-4BDCA57846E9</generatorID>
<ownerDesignName>Centro_medico</ownerDesignName>
<useDomainConstraints>false</useDomainConstraints>
<use>1</use>
<logicalDatatype>LOGDT024</logicalDatatype>
<dataTypeSize>10</dataTypeSize>
<ownDataTypeParameters>10,,</ownDataTypeParameters>
<autoIncrementCycle>false</autoIncrementCycle>
</Column>
<Column name="id_medico" id="FBB2E198-632B-23CE-F520-CC7F9E647827">
<createdBy>Francis</createdBy>
<createdTime>2025-09-14 02:58:22 UTC</createdTime>
<generatorID>622C6B68-62ED-15FB-7250-2EC8F8F651C3</generatorID>
<ownerDesignName>Centro_medico</ownerDesignName>
<nullsAllowed>true</nullsAllowed>
<useDomainConstraints>false</useDomainConstraints>
<use>1</use>
<logicalDatatype>LOGDT019</logicalDatatype>
<dataTypePrecision>20</dataTypePrecision>
<ownDataTypeParameters>,,</ownDataTypeParameters>
<previousColumn>false</previousColumn>
<autoIncrementCycle>false</autoIncrementCycle>
<associations>
<colAssociation fkAssociation="0DD2DF6F-5AB0-005D-B5FC-C7A938956F1B" referredColumn="60B087B4-7A19-AC0B-6854-FBA8B0FB7835"/>
</associations>
</Column>
</columns>
<indexes itemClass="oracle.dbtools.crest.model.design.relational.Index">
<ind_PK_UK id="4D03DE10-DD19-1034-CB7F-C9B98AE6E0F8" name="MEDICO_SUPERVISOR_PK">
<createdBy>Francis</createdBy>
<createdTime>2025-09-14 02:58:22 UTC</createdTime>
<generatorID>30405AD8-5EDD-7072-056B-F387C6A14A41</generatorID>
<ownerDesignName>Centro_medico</ownerDesignName>
<pk>true</pk>
<indexState>Primary Constraint</indexState>
<isSurrogateKey>false</isSurrogateKey>
<indexColumnUsage>
<colUsage columnID="27B3BCD4-A8D7-77C0-8481-DF6D52874EBA"/>
</indexColumnUsage>
</ind_PK_UK>
<ind_PK_UK id="4788E71D-920F-820B-EDF0-FBCFFB087D9D" name="MEDICO_SUPERVISOR_MEDICO_FK">
<createdBy>Francis</createdBy>
<createdTime>2025-09-14 02:58:22 UTC</createdTime>
<generatorID>2D00B590-9C9E-1AA3-26A7-D4C9AD6DC74A</generatorID>
<ownerDesignName>Centro_medico</ownerDesignName>
<indexState>Foreign Key</indexState>
<isSurrogateKey>false</isSurrogateKey>
<indexColumnUsage>
<colUsage columnID="FBB2E198-632B-23CE-F520-CC7F9E647827"/>
</indexColumnUsage>
</ind_PK_UK>
</indexes>
</Table>