<?xml version = '1.0' encoding = 'UTF-8'?>
<Table class="oracle.dbtools.crest.model.design.relational.Table" directorySegmentName="seg_0" id="6AE2C55C-C2F9-B2DF-4957-36CA26CF7F88" name="PREPARACION">
<createdBy>Francis</createdBy>
<createdTime>2025-09-14 02:58:22 UTC</createdTime>
<generatorID>71DAB489-FBA8-FF50-5A19-2DED0D9AC26B</generatorID>
<ownerDesignName>Centro_medico</ownerDesignName>
<allowColumnReorder>false</allowColumnReorder>
<existDependencyGenerateInDDl>true</existDependencyGenerateInDDl>
<parsed>true</parsed>
<columns itemClass="oracle.dbtools.crest.model.design.relational.Column">
<Column name="id_preparacion" id="556CB167-5CC2-7ED6-BF86-3D4D8D324D1C">
<createdBy>Francis</createdBy>
<createdTime>2025-09-14 02:58:22 UTC</createdTime>
<generatorID>1569380D-8D23-555E-10FE-28A4A35FE150</generatorID>
<ownerDesignName>Centro_medico</ownerDesignName>
<useDomainConstraints>false</useDomainConstraints>
<use>1</use>
<logicalDatatype>LOGDT019</logicalDatatype>
<dataTypePrecision>20</dataTypePrecision>
<ownDataTypeParameters>,20,</ownDataTypeParameters>
<autoIncrementCycle>false</autoIncrementCycle>
</Column>
<Column name="nombre" id="93AFE0CD-24F9-F153-8584-B14408E63008">
<createdBy>Francis</createdBy>
<createdTime>2025-09-14 02:58:22 UTC</createdTime>
<generatorID>42BEF25D-564B-6733-8FDE-E7F43FE2A83C</generatorID>
<ownerDesignName>Centro_medico</ownerDesignName>
<useDomainConstraints>false</useDomainConstraints>
<use>1</use>
<logicalDatatype>LOGDT024</logicalDatatype>
<dataTypeSize>30</dataTypeSize>
<ownDataTypeParameters>30,,</ownDataTypeParameters>
<autoIncrementCycle>false</autoIncrementCycle>
</Column>
<Column name="id_examen" id="8095B9CF-ED18-C256-0F32-48D8572AEA97">
<createdBy>Francis</createdBy>
<createdTime>2025-09-14 03:15:08 UTC</createdTime>
<ownerDesignName>Centro_medico</ownerDesignName>
<nullsAllowed>true</nullsAllowed>
<useDomainConstraints>false</useDomainConstraints>
<use>1</use>
<logicalDatatype>LOGDT019</logicalDatatype>
<dataTypePrecision>20</dataTypePrecision>
<ownDataTypeParameters>,,</ownDataTypeParameters>
<previousColumn>false</previousColumn>
<autoIncrementCycle>false</autoIncrementCycle>
<associations>
<colAssociation fkAssociation="93A8F0AB-2A7B-0949-AF3B-548B9232EBC4" referredColumn="BBF803C6-55AE-7216-27BF-892B7C6FC7C3"/>
</associations>
</Column>
</columns>
<indexes itemClass="oracle.dbtools.crest.model.design.relational.Index">
<ind_PK_UK id="01B8A05F-8F28-906E-1E2C-85A97F360E9D" name="PREPARACION_PK">
<createdBy>Francis</createdBy>
<createdTime>2025-09-14 02:58:22 UTC</createdTime>
<generatorID>79CE9C02-8616-5020-237E-9CDE54585005</generatorID>
<ownerDesignName>Centro_medico</ownerDesignName>
<pk>true</pk>
<indexState>Primary Constraint</indexState>
<isSurrogateKey>false</isSurrogateKey>
<indexColumnUsage>
<colUsage columnID="556CB167-5CC2-7ED6-BF86-3D4D8D324D1C"/>
</indexColumnUsage>
</ind_PK_UK>
<ind_PK_UK id="F265F308-1CB0-2831-DC96-D3F4463D6ED1" name="PREPARACION_EXAMEN_FK">
<createdBy>Francis</createdBy>
<createdTime>2025-09-14 02:58:22 UTC</createdTime>
<generatorID>963DB1DA-F7BB-1A81-4538-B207EF60B860</generatorID>
<ownerDesignName>Centro_medico</ownerDesignName>
<indexState>Foreign Key</indexState>
<isSurrogateKey>false</isSurrogateKey>
<indexColumnUsage>
<colUsage columnID="8095B9CF-ED18-C256-0F32-48D8572AEA97"/>
</indexColumnUsage>
</ind_PK_UK>
</indexes>
</Table>