<?xml version = '1.0' encoding = 'UTF-8'?>
<Table class="oracle.dbtools.crest.model.design.relational.Table" directorySegmentName="seg_0" id="72E5C170-E96F-9F90-FA77-0F1427CF0266" name="PAGO">
<createdBy>Francis</createdBy>
<createdTime>2025-09-14 02:58:22 UTC</createdTime>
<generatorID>D658C3F1-165B-1713-F52C-D850A00A1DFC</generatorID>
<ownerDesignName>Centro_medico</ownerDesignName>
<allowColumnReorder>false</allowColumnReorder>
<existDependencyGenerateInDDl>true</existDependencyGenerateInDDl>
<parsed>true</parsed>
<columns itemClass="oracle.dbtools.crest.model.design.relational.Column">
<Column name="id_pago" id="A4B03491-92C6-4205-D1C3-5479C2C0A1FE">
<createdBy>Francis</createdBy>
<createdTime>2025-09-14 02:58:22 UTC</createdTime>
<generatorID>5DB1395F-BFBD-712E-1B7A-FE9FDFFF43B9</generatorID>
<ownerDesignName>Centro_medico</ownerDesignName>
<useDomainConstraints>false</useDomainConstraints>
<use>1</use>
<logicalDatatype>LOGDT019</logicalDatatype>
<dataTypePrecision>20</dataTypePrecision>
<ownDataTypeParameters>,20,</ownDataTypeParameters>
<autoIncrementCycle>false</autoIncrementCycle>
</Column>
<Column name="id_tipo_pago" id="96EE6499-DA16-1B0B-9585-F6BECDCAF414">
<createdBy>Francis</createdBy>
<createdTime>2025-09-14 02:58:22 UTC</createdTime>
<generatorID>6FE68102-0A25-89A5-8667-83557D811144</generatorID>
<ownerDesignName>Centro_medico</ownerDesignName>
<useDomainConstraints>false</useDomainConstraints>
<use>1</use>
<logicalDatatype>LOGDT019</logicalDatatype>
<dataTypePrecision>20</dataTypePrecision>
<ownDataTypeParameters>,20,</ownDataTypeParameters>
<previousColumn>false</previousColumn>
<autoIncrementCycle>false</autoIncrementCycle>
<associations>
<colAssociation fkAssociation="30D598ED-C26B-3303-D712-669372943E43" referredColumn="62A061A2-C6E1-4C20-015A-55838B7AE276"/>
</associations>
</Column>
<Column name="monto" id="85364A3B-170D-551A-0A54-EF8457CBCB84">
<createdBy>Francis</createdBy>
<createdTime>2025-09-14 02:58:22 UTC</createdTime>
<generatorID>90B58195-69EA-02EE-97C4-4FB819948CA0</generatorID>
<ownerDesignName>Centro_medico</ownerDesignName>
<useDomainConstraints>false</useDomainConstraints>
<use>1</use>
<logicalDatatype>LOGDT019</logicalDatatype>
<dataTypePrecision>30</dataTypePrecision>
<ownDataTypeParameters>,30,</ownDataTypeParameters>
<autoIncrementCycle>false</autoIncrementCycle>
</Column>
<Column name="fecha_pago" id="6C62F2F2-1AC9-87C9-9DF1-52911DF109AD">
<createdBy>Francis</createdBy>
<createdTime>2025-09-14 02:58:22 UTC</createdTime>
<generatorID>299CE908-422A-FC81-FA47-BE0E9CA3F509</generatorID>
<ownerDesignName>Centro_medico</ownerDesignName>
<useDomainConstraints>false</useDomainConstraints>
<use>1</use>
<logicalDatatype>LOGDT008</logicalDatatype>
<ownDataTypeParameters>,,</ownDataTypeParameters>
<autoIncrementCycle>false</autoIncrementCycle>
</Column>
<Column name="id_atencion" id="E7C9E341-A6EE-FD42-1EC7-31D075407302">
<createdBy>Francis</createdBy>
<createdTime>2025-09-14 02:58:22 UTC</createdTime>
<generatorID>B23FBCB5-D8AF-064C-C0D9-301C9039F8A4</generatorID>
<ownerDesignName>Centro_medico</ownerDesignName>
<useDomainConstraints>false</useDomainConstraints>
<use>1</use>
<logicalDatatype>LOGDT019</logicalDatatype>
<dataTypePrecision>20</dataTypePrecision>
<ownDataTypeParameters>,20,</ownDataTypeParameters>
<previousColumn>false</previousColumn>
<autoIncrementCycle>false</autoIncrementCycle>
<associations>
<colAssociation fkAssociation="68C37BA8-3B4F-2A76-FEA8-794AE472F627" referredColumn="A2E5C1E0-F8BC-3873-954D-65C4B0DFAA28"/>
</associations>
</Column>
</columns>
<indexes itemClass="oracle.dbtools.crest.model.design.relational.Index">
<ind_PK_UK id="3059BD55-E6EA-10D2-BF11-C915287367A7" name="PAGO_PK">
<createdBy>Francis</createdBy>
<createdTime>2025-09-14 02:58:22 UTC</createdTime>
<generatorID>CF272E44-C0A7-44A5-A8EA-3D3BF2DB6B66</generatorID>
<ownerDesignName>Centro_medico</ownerDesignName>
<pk>true</pk>
<indexState>Primary Constraint</indexState>
<isSurrogateKey>false</isSurrogateKey>
<indexColumnUsage>
<colUsage columnID="A4B03491-92C6-4205-D1C3-5479C2C0A1FE"/>
</indexColumnUsage>
</ind_PK_UK>
<ind_PK_UK id="1641F49B-E145-51BB-00DC-AF3CDE7BA78F" name="PAGO__IDX">
<createdBy>Francis</createdBy>
<createdTime>2025-09-14 02:58:22 UTC</createdTime>
<ownerDesignName>Centro_medico</ownerDesignName>
<indexState>Unique Plain Index</indexState>
<isSurrogateKey>false</isSurrogateKey>
<relationGeneratorID>2F43B87D-4B52-64C3-9FBD-95B53C1F0082</relationGeneratorID>
<indexColumnUsage>
<colUsage columnID="E7C9E341-A6EE-FD42-1EC7-31D075407302"/>
</indexColumnUsage>
</ind_PK_UK>
<ind_PK_UK id="30650F9A-89F9-C22A-5B57-2ACD022E6F04" name="PAGO_ATENCION_FK">
<createdBy>Francis</createdBy>
<createdTime>2025-09-14 02:58:22 UTC</createdTime>
<generatorID>2F43B87D-4B52-64C3-9FBD-95B53C1F0082</generatorID>
<ownerDesignName>Centro_medico</ownerDesignName>
<indexState>Foreign Key</indexState>
<isSurrogateKey>false</isSurrogateKey>
<indexColumnUsage>
<colUsage columnID="E7C9E341-A6EE-FD42-1EC7-31D075407302"/>
</indexColumnUsage>
</ind_PK_UK>
<ind_PK_UK id="68033676-279D-656E-66F4-ADB1DC3CE3EB" name="PAGO_TIPO_PAGO_FK">
<createdBy>Francis</createdBy>
<createdTime>2025-09-14 02:58:22 UTC</createdTime>
<generatorID>FA853C45-0842-0F2B-EA65-548CDE84C49C</generatorID>
<ownerDesignName>Centro_medico</ownerDesignName>
<indexState>Foreign Key</indexState>
<isSurrogateKey>false</isSurrogateKey>
<indexColumnUsage>
<colUsage columnID="96EE6499-DA16-1B0B-9585-F6BECDCAF414"/>
</indexColumnUsage>
</ind_PK_UK>
</indexes>
</Table>