<?xml version = '1.0' encoding = 'UTF-8'?>
<Table class="oracle.dbtools.crest.model.design.relational.Table" directorySegmentName="seg_0" id="96752B38-F7BB-59D1-B079-7B65D4F54B1A" name="EXAMEN">
<createdBy>Francis</createdBy>
<createdTime>2025-09-14 02:58:22 UTC</createdTime>
<generatorID>624C5F88-5299-2D44-6C13-CC7C7508DF94</generatorID>
<ownerDesignName>Centro_medico</ownerDesignName>
<allowColumnReorder>false</allowColumnReorder>
<existDependencyGenerateInDDl>true</existDependencyGenerateInDDl>
<parsed>true</parsed>
<columns itemClass="oracle.dbtools.crest.model.design.relational.Column">
<Column name="id_examen" id="BBF803C6-55AE-7216-27BF-892B7C6FC7C3">
<createdBy>Francis</createdBy>
<createdTime>2025-09-14 02:58:22 UTC</createdTime>
<generatorID>6C5B5AAC-BB5C-EF24-CB6D-B566796111AD</generatorID>
<ownerDesignName>Centro_medico</ownerDesignName>
<useDomainConstraints>false</useDomainConstraints>
<use>1</use>
<logicalDatatype>LOGDT019</logicalDatatype>
<dataTypePrecision>20</dataTypePrecision>
<ownDataTypeParameters>,,</ownDataTypeParameters>
<previousColumn>false</previousColumn>
<autoIncrementCycle>false</autoIncrementCycle>
<associations>
<colAssociation fkAssociation="9D15CDB0-3FE1-062C-24B7-5815C11E7723" referredColumn="DA1D7B59-37EB-ACC9-21F9-4BEB8BC71384"/>
</associations>
</Column>
<Column name="nombre" id="58730DE5-7E24-B049-A0DA-82C8283CB79C">
<createdBy>Francis</createdBy>
<createdTime>2025-09-14 02:58:22 UTC</createdTime>
<generatorID>FE964AE0-C981-3CDC-27A5-87B40B13A716</generatorID>
<ownerDesignName>Centro_medico</ownerDesignName>
<useDomainConstraints>false</useDomainConstraints>
<use>1</use>
<logicalDatatype>LOGDT024</logicalDatatype>
<dataTypeSize>30</dataTypeSize>
<ownDataTypeParameters>30,,</ownDataTypeParameters>
<autoIncrementCycle>false</autoIncrementCycle>
</Column>
<Column name="resultado" id="7306EA62-0713-AB10-F73D-4A4D443DC309">
<createdBy>Francis</createdBy>
<createdTime>2025-09-14 02:58:22 UTC</createdTime>
<generatorID>B27ACC66-FE02-0CAD-22AE-2C21B1E94FFA</generatorID>
<ownerDesignName>Centro_medico</ownerDesignName>
<useDomainConstraints>false</useDomainConstraints>
<use>1</use>
<logicalDatatype>LOGDT024</logicalDatatype>
<dataTypeSize>60</dataTypeSize>
<ownDataTypeParameters>60,,</ownDataTypeParameters>
<autoIncrementCycle>false</autoIncrementCycle>
</Column>
</columns>
<indexes itemClass="oracle.dbtools.crest.model.design.relational.Index">
<ind_PK_UK id="19925ECB-B320-5469-F8BC-EFD41167770C" name="EXAMEN_PK">
<createdBy>Francis</createdBy>
<createdTime>2025-09-14 02:58:22 UTC</createdTime>
<generatorID>2BB0C7F4-B809-4718-F749-6BA72115BF6C</generatorID>
<ownerDesignName>Centro_medico</ownerDesignName>
<pk>true</pk>
<indexState>Primary Constraint</indexState>
<isSurrogateKey>false</isSurrogateKey>
<indexColumnUsage>
<colUsage columnID="BBF803C6-55AE-7216-27BF-892B7C6FC7C3"/>
</indexColumnUsage>
</ind_PK_UK>
<ind_PK_UK id="D86E2109-6D89-05A4-E020-AB0F86ADDA6C" name="EXAMEN__IDX">
<createdBy>Francis</createdBy>
<createdTime>2025-09-14 02:58:22 UTC</createdTime>
<ownerDesignName>Centro_medico</ownerDesignName>
<indexState>Unique Plain Index</indexState>
<isSurrogateKey>false</isSurrogateKey>
<relationGeneratorID>220357F4-798A-03A0-6F36-2CEDA27C45E8</relationGeneratorID>
<indexColumnUsage>
<colUsage columnID="BBF803C6-55AE-7216-27BF-892B7C6FC7C3"/>
</indexColumnUsage>
</ind_PK_UK>
<ind_PK_UK id="A9CA3B86-E668-4ADC-2152-B3B8E81AE00C" name="EXAMEN_RESULTADO_EXAMEN_FK">
<createdBy>Francis</createdBy>
<createdTime>2025-09-14 02:58:22 UTC</createdTime>
<generatorID>220357F4-798A-03A0-6F36-2CEDA27C45E8</generatorID>
<ownerDesignName>Centro_medico</ownerDesignName>
<indexState>Foreign Key</indexState>
<isSurrogateKey>false</isSurrogateKey>
<indexColumnUsage>
<colUsage columnID="BBF803C6-55AE-7216-27BF-892B7C6FC7C3"/>
</indexColumnUsage>
</ind_PK_UK>
</indexes>
</Table>