<?xml version = '1.0' encoding = 'UTF-8'?>
<Table class="oracle.dbtools.crest.model.design.relational.Table" directorySegmentName="seg_0" id="D393B9F8-66E8-6367-0E72-81A526B30925" name="SOLICITUD_EXAMEN">
<createdBy>Francis</createdBy>
<createdTime>2025-09-14 02:58:22 UTC</createdTime>
<generatorID>C8AD4BE0-0F9F-ED33-51D1-38CDBB23CBA2</generatorID>
<ownerDesignName>Centro_medico</ownerDesignName>
<allowColumnReorder>false</allowColumnReorder>
<existDependencyGenerateInDDl>true</existDependencyGenerateInDDl>
<parsed>true</parsed>
<columns itemClass="oracle.dbtools.crest.model.design.relational.Column">
<Column name="id_solicitud" id="FD9E609A-22B9-A2A8-37E6-BEE65EFC81E1">
<createdBy>Francis</createdBy>
<createdTime>2025-09-14 02:58:22 UTC</createdTime>
<generatorID>5E7EB2F8-3041-7167-0CD1-2A8B62D1CE5F</generatorID>
<ownerDesignName>Centro_medico</ownerDesignName>
<useDomainConstraints>false</useDomainConstraints>
<use>1</use>
<logicalDatatype>LOGDT019</logicalDatatype>
<dataTypePrecision>20</dataTypePrecision>
<ownDataTypeParameters>,20,</ownDataTypeParameters>
<autoIncrementCycle>false</autoIncrementCycle>
</Column>
<Column name="descripcion" id="465BD22E-0C4F-D5E1-7755-EEE4D684EC5C">
<createdBy>Francis</createdBy>
<createdTime>2025-09-14 02:58:22 UTC</createdTime>
<generatorID>FAAA382E-06D8-5BF4-C456-1CD50840ACCF</generatorID>
<ownerDesignName>Centro_medico</ownerDesignName>
<useDomainConstraints>false</useDomainConstraints>
<use>1</use>
<logicalDatatype>LOGDT024</logicalDatatype>
<dataTypeSize>100</dataTypeSize>
<ownDataTypeParameters>100,,</ownDataTypeParameters>
<autoIncrementCycle>false</autoIncrementCycle>
</Column>
<Column name="id_atencion" id="FABF3682-AFA2-67E4-6ACF-AD286EF1C0FF">
<createdBy>Francis</createdBy>
<createdTime>2025-09-14 02:58:22 UTC</createdTime>
<generatorID>B996E5BE-1922-89C3-E30E-54F8E2703B40</generatorID>
<ownerDesignName>Centro_medico</ownerDesignName>
<nullsAllowed>true</nullsAllowed>
<useDomainConstraints>false</useDomainConstraints>
<use>1</use>
<logicalDatatype>LOGDT019</logicalDatatype>
<dataTypePrecision>20</dataTypePrecision>
<ownDataTypeParameters>,20,</ownDataTypeParameters>
<previousColumn>false</previousColumn>
<autoIncrementCycle>false</autoIncrementCycle>
<associations>
<colAssociation fkAssociation="37385B4D-35E8-8F16-72D8-D37D35FC8448" referredColumn="A2E5C1E0-F8BC-3873-954D-65C4B0DFAA28"/>
</associations>
</Column>
<Column name="id_examen" id="361F31AC-9B00-1974-A384-EBF0C1BA8AFA">
<createdBy>Francis</createdBy>
<createdTime>2025-09-14 03:15:08 UTC</createdTime>
<ownerDesignName>Centro_medico</ownerDesignName>
<useDomainConstraints>false</useDomainConstraints>
<use>1</use>
<logicalDatatype>LOGDT019</logicalDatatype>
<dataTypePrecision>20</dataTypePrecision>
<ownDataTypeParameters>,,</ownDataTypeParameters>
<previousColumn>false</previousColumn>
<autoIncrementCycle>false</autoIncrementCycle>
<associations>
<colAssociation fkAssociation="401D3254-25A6-331E-75F3-45E8410FA611" referredColumn="BBF803C6-55AE-7216-27BF-892B7C6FC7C3"/>
</associations>
</Column>
</columns>
<indexes itemClass="oracle.dbtools.crest.model.design.relational.Index">
<ind_PK_UK id="B58E2A6A-BDDB-FB4F-D217-67D6EDA3D081" name="SOLICITUD_EXAMEN_PK">
<createdBy>Francis</createdBy>
<createdTime>2025-09-14 02:58:22 UTC</createdTime>
<generatorID>04E8CD13-4CF5-24D8-5608-ED11FC6858F8</generatorID>
<ownerDesignName>Centro_medico</ownerDesignName>
<pk>true</pk>
<indexState>Primary Constraint</indexState>
<isSurrogateKey>false</isSurrogateKey>
<indexColumnUsage>
<colUsage columnID="FD9E609A-22B9-A2A8-37E6-BEE65EFC81E1"/>
</indexColumnUsage>
</ind_PK_UK>
<ind_PK_UK id="8521128A-9A6C-8149-2FC0-BBF0D7BEDA66" name="SOLICITUD_EXAMEN_ATENCION_FK">
<createdBy>Francis</createdBy>
<createdTime>2025-09-14 02:58:22 UTC</createdTime>
<generatorID>BC41C9D2-E326-6096-BDEC-24264F5B72C8</generatorID>
<ownerDesignName>Centro_medico</ownerDesignName>
<indexState>Foreign Key</indexState>
<isSurrogateKey>false</isSurrogateKey>
<indexColumnUsage>
<colUsage columnID="FABF3682-AFA2-67E4-6ACF-AD286EF1C0FF"/>
</indexColumnUsage>
</ind_PK_UK>
<ind_PK_UK id="6D4895E0-DA76-64C8-D98C-A42F7FCD1482" name="SOLICITUD_EXAMEN_EXAMEN_FK">
<createdBy>Francis</createdBy>
<createdTime>2025-09-14 02:58:22 UTC</createdTime>
<generatorID>332C8A06-1EF3-B3CE-D295-A4F1CFD5CC75</generatorID>
<ownerDesignName>Centro_medico</ownerDesignName>
<indexState>Foreign Key</indexState>
<isSurrogateKey>false</isSurrogateKey>
<indexColumnUsage>
<colUsage columnID="361F31AC-9B00-1974-A384-EBF0C1BA8AFA"/>
</indexColumnUsage>
</ind_PK_UK>
</indexes>
</Table>