<?xml version = '1.0' encoding = 'UTF-8'?>
<Table class="oracle.dbtools.crest.model.design.relational.Table" directorySegmentName="seg_0" id="DC796539-4B78-0AB9-D2B2-72978D5920B2" name="MEDICO">
<createdBy>Francis</createdBy>
<createdTime>2025-09-14 02:58:22 UTC</createdTime>
<generatorID>49F5A783-AA61-304B-4936-62C12FA4ACF0</generatorID>
<ownerDesignName>Centro_medico</ownerDesignName>
<allowColumnReorder>false</allowColumnReorder>
<existDependencyGenerateInDDl>true</existDependencyGenerateInDDl>
<parsed>true</parsed>
<columns itemClass="oracle.dbtools.crest.model.design.relational.Column">
<Column name="id_medico" id="60B087B4-7A19-AC0B-6854-FBA8B0FB7835">
<createdBy>Francis</createdBy>
<createdTime>2025-09-14 02:58:22 UTC</createdTime>
<generatorID>374B34A6-979B-72F4-5972-0AF84CA4E44E</generatorID>
<ownerDesignName>Centro_medico</ownerDesignName>
<useDomainConstraints>false</useDomainConstraints>
<use>1</use>
<logicalDatatype>LOGDT019</logicalDatatype>
<dataTypePrecision>20</dataTypePrecision>
<ownDataTypeParameters>,20,</ownDataTypeParameters>
<autoIncrementCycle>false</autoIncrementCycle>
</Column>
<Column name="rut" id="49CFE97A-6AC2-903C-937E-69C77480C1F6">
<createdBy>Francis</createdBy>
<createdTime>2025-09-14 02:58:22 UTC</createdTime>
<generatorID>38D4B38D-CA21-4F3E-CBB8-83D378E06DE4</generatorID>
<ownerDesignName>Centro_medico</ownerDesignName>
<useDomainConstraints>false</useDomainConstraints>
<use>1</use>
<logicalDatatype>LOGDT024</logicalDatatype>
<dataTypeSize>10</dataTypeSize>
<ownDataTypeParameters>10,,</ownDataTypeParameters>
<autoIncrementCycle>false</autoIncrementCycle>
</Column>
<Column name="nombre" id="9DCA456D-C542-8894-CACB-D76370E797C4">
<createdBy>Francis</createdBy>
<createdTime>2025-09-14 02:58:22 UTC</createdTime>
<generatorID>B6122AFA-339B-07E9-EC83-D260079FD11B</generatorID>
<ownerDesignName>Centro_medico</ownerDesignName>
<useDomainConstraints>false</useDomainConstraints>
<use>1</use>
<logicalDatatype>LOGDT024</logicalDatatype>
<dataTypeSize>30</dataTypeSize>
<ownDataTypeParameters>30,,</ownDataTypeParameters>
<autoIncrementCycle>false</autoIncrementCycle>
</Column>
<Column name="fecha_ingreso" id="16462764-5899-A856-0680-7658111E5E0B">
<createdBy>Francis</createdBy>
<createdTime>2025-09-14 02:58:22 UTC</createdTime>
<generatorID>EDA590BF-DC79-FA8A-F3D7-74136067901A</generatorID>
<ownerDesignName>Centro_medico</ownerDesignName>
<useDomainConstraints>false</useDomainConstraints>
<use>1</use>
<logicalDatatype>LOGDT007</logicalDatatype>
<ownDataTypeParameters>,,</ownDataTypeParameters>
<autoIncrementCycle>false</autoIncrementCycle>
</Column>
<Column name="id_afp" id="512E2495-012E-4689-39FB-F5A660C396D8">
<createdBy>Francis</createdBy>
<createdTime>2025-09-14 02:58:22 UTC</createdTime>
<generatorID>472F4312-2DA0-37C2-5330-75CCA02D98A6</generatorID>
<ownerDesignName>Centro_medico</ownerDesignName>
<useDomainConstraints>false</useDomainConstraints>
<use>1</use>
<logicalDatatype>LOGDT019</logicalDatatype>
<dataTypePrecision>20</dataTypePrecision>
<ownDataTypeParameters>,20,</ownDataTypeParameters>
<previousColumn>false</previousColumn>
<autoIncrementCycle>false</autoIncrementCycle>
<associations>
<colAssociation fkAssociation="0B3375AA-E0BE-D2F0-0C53-99D6F7010AE5" referredColumn="1C7A76CB-BE2E-32CE-10ED-758512B7701E"/>
</associations>
</Column>
<Column name="id_salud" id="EDB39AF0-C4D4-7401-2A04-3A024B691EB5">
<createdBy>Francis</createdBy>
<createdTime>2025-09-14 02:58:22 UTC</createdTime>
<generatorID>00EDF68C-6F33-DEDD-3D77-DC0E1CA7579B</generatorID>
<ownerDesignName>Centro_medico</ownerDesignName>
<useDomainConstraints>false</useDomainConstraints>
<use>1</use>
<logicalDatatype>LOGDT019</logicalDatatype>
<dataTypePrecision>20</dataTypePrecision>
<ownDataTypeParameters>,20,</ownDataTypeParameters>
<previousColumn>false</previousColumn>
<autoIncrementCycle>false</autoIncrementCycle>
<associations>
<colAssociation fkAssociation="2450996A-7EA8-FB07-A31D-E87BCF8B6AD1" referredColumn="E06B7857-EB73-6264-785D-E1E330BB7F15"/>
</associations>
</Column>
<Column name="id_especialidad" id="0820BDA9-19E0-8F37-3F42-ED99F5D1784D">
<createdBy>Francis</createdBy>
<createdTime>2025-09-14 02:58:22 UTC</createdTime>
<generatorID>65B065EE-B871-BF88-F3A3-17250714D9AB</generatorID>
<ownerDesignName>Centro_medico</ownerDesignName>
<useDomainConstraints>false</useDomainConstraints>
<use>1</use>
<logicalDatatype>LOGDT019</logicalDatatype>
<dataTypePrecision>20</dataTypePrecision>
<ownDataTypeParameters>,20,</ownDataTypeParameters>
<previousColumn>false</previousColumn>
<autoIncrementCycle>false</autoIncrementCycle>
<associations>
<colAssociation fkAssociation="61FBB487-FDFE-180F-B70D-C89F17943554" referredColumn="2086CC0E-F295-303A-B75D-A74A7AEDCC25"/>
</associations>
</Column>
</columns>
<indexes itemClass="oracle.dbtools.crest.model.design.relational.Index">
<ind_PK_UK id="80CB430C-44CE-2DB9-EDEB-C380989E0A6B" name="MEDICO_PK">
<createdBy>Francis</createdBy>
<createdTime>2025-09-14 02:58:22 UTC</createdTime>
<generatorID>81E8CF01-506E-0701-54ED-FC7A314FAB94</generatorID>
<ownerDesignName>Centro_medico</ownerDesignName>
<pk>true</pk>
<indexState>Primary Constraint</indexState>
<isSurrogateKey>false</isSurrogateKey>
<indexColumnUsage>
<colUsage columnID="60B087B4-7A19-AC0B-6854-FBA8B0FB7835"/>
</indexColumnUsage>
</ind_PK_UK>
<ind_PK_UK id="CBD5CB30-8CF3-A9E2-0B12-CC74AA027538" name="MEDICO_AFP_FK">
<createdBy>Francis</createdBy>
<createdTime>2025-09-14 02:58:22 UTC</createdTime>
<generatorID>CB978414-C216-0116-0122-162D0E68D999</generatorID>
<ownerDesignName>Centro_medico</ownerDesignName>
<indexState>Foreign Key</indexState>
<isSurrogateKey>false</isSurrogateKey>
<indexColumnUsage>
<colUsage columnID="512E2495-012E-4689-39FB-F5A660C396D8"/>
</indexColumnUsage>
</ind_PK_UK>
<ind_PK_UK id="D9515B42-08B0-25D1-1BB9-C6C353E6B004" name="MEDICO_ESPECIALIDAD_FK">
<createdBy>Francis</createdBy>
<createdTime>2025-09-14 02:58:22 UTC</createdTime>
<generatorID>57BBB2B4-C499-4C45-97BC-0B5C46B74E8F</generatorID>
<ownerDesignName>Centro_medico</ownerDesignName>
<indexState>Foreign Key</indexState>
<isSurrogateKey>false</isSurrogateKey>
<indexColumnUsage>
<colUsage columnID="0820BDA9-19E0-8F37-3F42-ED99F5D1784D"/>
</indexColumnUsage>
</ind_PK_UK>
<ind_PK_UK id="B1639165-550A-5412-E9ED-5BFB5958EBB8" name="MEDICO_INSTITUCION_SALUD_FK">
<createdBy>Francis</createdBy>
<createdTime>2025-09-14 02:58:22 UTC</createdTime>
<generatorID>E0187B86-FC43-0E83-3836-27595B26CC4A</generatorID>
<ownerDesignName>Centro_medico</ownerDesignName>
<indexState>Foreign Key</indexState>
<isSurrogateKey>false</isSurrogateKey>
<indexColumnUsage>
<colUsage columnID="EDB39AF0-C4D4-7401-2A04-3A024B691EB5"/>
</indexColumnUsage>
</ind_PK_UK>
</indexes>
</Table>