<?xml version = '1.0' encoding = 'UTF-8'?>
<Table class="oracle.dbtools.crest.model.design.relational.Table" directorySegmentName="seg_0" id="F36805AD-1A03-16B1-23CD-BD270FE22C7B" name="SEXO">
<createdBy>Francis</createdBy>
<createdTime>2025-09-14 02:58:22 UTC</createdTime>
<generatorID>639FDC72-3440-6452-F27C-247AAAFE9051</generatorID>
<ownerDesignName>Centro_medico</ownerDesignName>
<allowColumnReorder>false</allowColumnReorder>
<existDependencyGenerateInDDl>true</existDependencyGenerateInDDl>
<parsed>true</parsed>
<columns itemClass="oracle.dbtools.crest.model.design.relational.Column">
<Column name="id_sexo" id="E0A98289-69EF-6640-56EF-EC35F3D2D9CF">
<createdBy>Francis</createdBy>
<createdTime>2025-09-14 02:58:22 UTC</createdTime>
<generatorID>1C3AE78C-D593-0211-42F9-B63921343A77</generatorID>
<ownerDesignName>Centro_medico</ownerDesignName>
<useDomainConstraints>false</useDomainConstraints>
<use>1</use>
<logicalDatatype>LOGDT019</logicalDatatype>
<dataTypePrecision>20</dataTypePrecision>
<ownDataTypeParameters>,20,</ownDataTypeParameters>
<autoIncrementCycle>false</autoIncrementCycle>
</Column>
<Column name="nombre" id="6915B264-71A6-1590-54D8-DA54BBC8121A">
<createdBy>Francis</createdBy>
<createdTime>2025-09-14 02:58:22 UTC</createdTime>
<generatorID>6F505BA6-82C7-5AD0-43B1-597FBBB0C088</generatorID>
<ownerDesignName>Centro_medico</ownerDesignName>
<useDomainConstraints>false</useDomainConstraints>
<use>1</use>
<logicalDatatype>LOGDT024</logicalDatatype>
<dataTypeSize>30</dataTypeSize>
<ownDataTypeParameters>30,,</ownDataTypeParameters>
<autoIncrementCycle>false</autoIncrementCycle>
</Column>
<Column name="rut" id="6062DE34-E01C-15D4-250C-34085862DBFE">
<createdBy>Francis</createdBy>
<createdTime>2025-09-14 02:58:22 UTC</createdTime>
<generatorID>65458706-D410-4173-1502-E5C0A91202D0</generatorID>
<ownerDesignName>Centro_medico</ownerDesignName>
<useDomainConstraints>false</useDomainConstraints>
<use>1</use>
<logicalDatatype>LOGDT024</logicalDatatype>
<dataTypeSize>10</dataTypeSize>
<ownDataTypeParameters>,,</ownDataTypeParameters>
<previousColumn>false</previousColumn>
<autoIncrementCycle>false</autoIncrementCycle>
<associations>
<colAssociation fkAssociation="88A128DC-65D7-AE4A-3E8E-F53BCF9F4A15" referredColumn="2627C288-ABDB-35C5-8B8D-97593AC04388"/>
</associations>
</Column>
</columns>
<indexes itemClass="oracle.dbtools.crest.model.design.relational.Index">
<ind_PK_UK id="CA32FB4D-07DE-5220-9352-429F5E1044FC" name="SEXO_PK">
<createdBy>Francis</createdBy>
<createdTime>2025-09-14 02:58:22 UTC</createdTime>
<generatorID>B6D67C1F-146C-2685-C367-F12D881CC62A</generatorID>
<ownerDesignName>Centro_medico</ownerDesignName>
<pk>true</pk>
<indexState>Primary Constraint</indexState>
<isSurrogateKey>false</isSurrogateKey>
<indexColumnUsage>
<colUsage columnID="E0A98289-69EF-6640-56EF-EC35F3D2D9CF"/>
</indexColumnUsage>
</ind_PK_UK>
<ind_PK_UK id="97E37D24-8CEC-D184-1498-A8887F550EE3" name="SEXO__IDX">
<createdBy>Francis</createdBy>
<createdTime>2025-09-14 02:58:22 UTC</createdTime>
<ownerDesignName>Centro_medico</ownerDesignName>
<indexState>Unique Plain Index</indexState>
<isSurrogateKey>false</isSurrogateKey>
<relationGeneratorID>E4B7F3EB-76C5-CD9A-C45F-4D0F07DB6993</relationGeneratorID>
<indexColumnUsage>
<colUsage columnID="6062DE34-E01C-15D4-250C-34085862DBFE"/>
</indexColumnUsage>
</ind_PK_UK>
<ind_PK_UK id="A910EC05-C224-B093-A82D-A25C5DE16B0E" name="SEXO_PACIENTE_FK">
<createdBy>Francis</createdBy>
<createdTime>2025-09-14 02:58:22 UTC</createdTime>
<generatorID>E4B7F3EB-76C5-CD9A-C45F-4D0F07DB6993</generatorID>
<ownerDesignName>Centro_medico</ownerDesignName>
<indexState>Foreign Key</indexState>
<isSurrogateKey>false</isSurrogateKey>
<indexColumnUsage>
<colUsage columnID="6062DE34-E01C-15D4-250C-34085862DBFE"/>
</indexColumnUsage>
</ind_PK_UK>
</indexes>
</Table>