<?xml version = '1.0' encoding = 'UTF-8'?>
<Table class="oracle.dbtools.crest.model.design.relational.Table" directorySegmentName="seg_0" id="FE900981-65BE-8F34-E913-C3537D26F7F6" name="PACIENTE">
<createdBy>Francis</createdBy>
<createdTime>2025-09-14 02:58:22 UTC</createdTime>
<generatorID>4F9D4001-AF5B-051C-F93D-123705EBFDF5</generatorID>
<ownerDesignName>Centro_medico</ownerDesignName>
<allowColumnReorder>false</allowColumnReorder>
<existDependencyGenerateInDDl>true</existDependencyGenerateInDDl>
<parsed>true</parsed>
<columns itemClass="oracle.dbtools.crest.model.design.relational.Column">
<Column name="rut" id="2627C288-ABDB-35C5-8B8D-97593AC04388">
<createdBy>Francis</createdBy>
<createdTime>2025-09-14 02:58:22 UTC</createdTime>
<generatorID>24F7EBA1-BAF3-5335-D901-26EE00DBB4FA</generatorID>
<ownerDesignName>Centro_medico</ownerDesignName>
<useDomainConstraints>false</useDomainConstraints>
<use>1</use>
<logicalDatatype>LOGDT024</logicalDatatype>
<dataTypeSize>10</dataTypeSize>
<ownDataTypeParameters>10,,</ownDataTypeParameters>
<autoIncrementCycle>false</autoIncrementCycle>
</Column>
<Column name="nombre" id="1652E4AA-308A-4C7D-A0AC-AE83229A08CB">
<createdBy>Francis</createdBy>
<createdTime>2025-09-14 02:58:22 UTC</createdTime>
<generatorID>78EA9FCE-9136-FA02-50A5-4FE488CE092F</generatorID>
<ownerDesignName>Centro_medico</ownerDesignName>
<useDomainConstraints>false</useDomainConstraints>
<use>1</use>
<logicalDatatype>LOGDT024</logicalDatatype>
<dataTypeSize>30</dataTypeSize>
<ownDataTypeParameters>30,,</ownDataTypeParameters>
<autoIncrementCycle>false</autoIncrementCycle>
</Column>
<Column name="fecha_nac" id="EE6618CE-476A-0196-33FE-C5FF5C8C70CE">
<createdBy>Francis</createdBy>
<createdTime>2025-09-14 02:58:22 UTC</createdTime>
<generatorID>E9D4F199-413D-1B3F-18D9-557A1B7E71E7</generatorID>
<ownerDesignName>Centro_medico</ownerDesignName>
<useDomainConstraints>false</useDomainConstraints>
<use>1</use>
<logicalDatatype>LOGDT007</logicalDatatype>
<ownDataTypeParameters>,,</ownDataTypeParameters>
<autoIncrementCycle>false</autoIncrementCycle>
</Column>
<Column name="id_comuna" id="FA777F86-C5C2-6A95-8E76-A96A3323BBB5">
<createdBy>Francis</createdBy>
<createdTime>2025-09-14 02:58:22 UTC</createdTime>
<generatorID>996E2A60-BDDB-BEE0-0770-25CA365A8C91</generatorID>
<ownerDesignName>Centro_medico</ownerDesignName>
<useDomainConstraints>false</useDomainConstraints>
<use>1</use>
<logicalDatatype>LOGDT019</logicalDatatype>
<dataTypePrecision>20</dataTypePrecision>
<ownDataTypeParameters>,20,</ownDataTypeParameters>
<previousColumn>false</previousColumn>
<autoIncrementCycle>false</autoIncrementCycle>
<associations>
<colAssociation fkAssociation="013E5C02-AA09-2A7D-3CA0-25C016A12D78" referredColumn="3C85E7C9-445D-32EE-FF79-49D2EC95B53D"/>
</associations>
</Column>
<Column name="id_sexo" id="8CC74FFC-01DA-1707-4C71-244A607F4572">
<createdBy>Francis</createdBy>
<createdTime>2025-09-14 02:58:22 UTC</createdTime>
<generatorID>9C27524F-0362-E63E-5865-183AAF5CD0C3</generatorID>
<ownerDesignName>Centro_medico</ownerDesignName>
<useDomainConstraints>false</useDomainConstraints>
<use>1</use>
<logicalDatatype>LOGDT019</logicalDatatype>
<dataTypePrecision>20</dataTypePrecision>
<ownDataTypeParameters>,,</ownDataTypeParameters>
<previousColumn>false</previousColumn>
<autoIncrementCycle>false</autoIncrementCycle>
<associations>
<colAssociation fkAssociation="C3FFF9CA-6001-5327-E9B6-235E509E3089" referredColumn="E0A98289-69EF-6640-56EF-EC35F3D2D9CF"/>
</associations>
</Column>
<Column name="contacto_telefono" id="355E349C-0982-F148-5AC2-A02E508945E2">
<createdBy>Francis</createdBy>
<createdTime>2025-09-14 02:58:22 UTC</createdTime>
<generatorID>B89F838B-B956-6090-FB74-E30527054B99</generatorID>
<ownerDesignName>Centro_medico</ownerDesignName>
<useDomainConstraints>false</useDomainConstraints>
<use>1</use>
<logicalDatatype>LOGDT019</logicalDatatype>
<dataTypePrecision>20</dataTypePrecision>
<ownDataTypeParameters>,20,</ownDataTypeParameters>
<autoIncrementCycle>false</autoIncrementCycle>
</Column>
<Column name="correo" id="3069954A-18C0-D8CF-E51B-F0DE6649933A">
<createdBy>Francis</createdBy>
<createdTime>2025-09-14 02:58:22 UTC</createdTime>
<generatorID>AF49B186-4E86-3708-9D9B-8C53F0B4E3D1</generatorID>
<ownerDesignName>Centro_medico</ownerDesignName>
<nullsAllowed>true</nullsAllowed>
<useDomainConstraints>false</useDomainConstraints>
<use>1</use>
<logicalDatatype>LOGDT024</logicalDatatype>
<dataTypeSize>30</dataTypeSize>
<ownDataTypeParameters>30,,</ownDataTypeParameters>
<autoIncrementCycle>false</autoIncrementCycle>
</Column>
<Column name="id_tipo_usuario" id="F92EAB51-A4A5-B842-4197-E610C711B6E6">
<createdBy>Francis</createdBy>
<createdTime>2025-09-14 02:58:22 UTC</createdTime>
<generatorID>AE257401-A8E9-D1F2-3D2E-03D4CE3465A4</generatorID>
<ownerDesignName>Centro_medico</ownerDesignName>
<useDomainConstraints>false</useDomainConstraints>
<use>1</use>
<logicalDatatype>LOGDT019</logicalDatatype>
<dataTypePrecision>20</dataTypePrecision>
<ownDataTypeParameters>,,</ownDataTypeParameters>
<previousColumn>false</previousColumn>
<autoIncrementCycle>false</autoIncrementCycle>
<associations>
<colAssociation fkAssociation="1CA1C04A-C912-EF9C-0C9C-4DB7F42B74C0" referredColumn="B1B38E50-775A-EF1C-7C32-322EA142434F"/>
</associations>
</Column>
</columns>
<indexes itemClass="oracle.dbtools.crest.model.design.relational.Index">
<ind_PK_UK id="EE8295A0-1B52-4AAA-E39E-0501E0050113" name="PACIENTE_PK">
<createdBy>Francis</createdBy>
<createdTime>2025-09-14 02:58:22 UTC</createdTime>
<generatorID>FA094EA8-23E8-298E-6BA0-AD09AC007C63</generatorID>
<ownerDesignName>Centro_medico</ownerDesignName>
<pk>true</pk>
<indexState>Primary Constraint</indexState>
<isSurrogateKey>false</isSurrogateKey>
<indexColumnUsage>
<colUsage columnID="2627C288-ABDB-35C5-8B8D-97593AC04388"/>
</indexColumnUsage>
</ind_PK_UK>
<ind_PK_UK id="1507766C-1F55-8E3C-D569-74B9BF24CEB5" name="PACIENTE__IDX">
<createdBy>Francis</createdBy>
<createdTime>2025-09-14 02:58:22 UTC</createdTime>
<ownerDesignName>Centro_medico</ownerDesignName>
<indexState>Unique Plain Index</indexState>
<isSurrogateKey>false</isSurrogateKey>
<relationGeneratorID>E4B7F3EB-76C5-CD9A-C45F-4D0F07DB6993</relationGeneratorID>
<indexColumnUsage>
<colUsage columnID="8CC74FFC-01DA-1707-4C71-244A607F4572"/>
</indexColumnUsage>
</ind_PK_UK>
<ind_PK_UK id="BA21AA4E-5B7E-BD70-88BC-78B7CF5A6548" name="PACIENTE_COMUNA_FK">
<createdBy>Francis</createdBy>
<createdTime>2025-09-14 02:58:22 UTC</createdTime>
<generatorID>3EC7637A-32AA-9EDF-FBE0-BF54B64F4501</generatorID>
<ownerDesignName>Centro_medico</ownerDesignName>
<indexState>Foreign Key</indexState>
<isSurrogateKey>false</isSurrogateKey>
<indexColumnUsage>
<colUsage columnID="FA777F86-C5C2-6A95-8E76-A96A3323BBB5"/>
</indexColumnUsage>
</ind_PK_UK>
<ind_PK_UK id="19D33FB9-128E-6047-D178-8548BC228DFD" name="PACIENTE_SEXO_FK">
<createdBy>Francis</createdBy>
<createdTime>2025-09-14 02:58:22 UTC</createdTime>
<generatorID>E4B7F3EB-76C5-CD9A-C45F-4D0F07DB6993</generatorID>
<ownerDesignName>Centro_medico</ownerDesignName>
<indexState>Foreign Key</indexState>
<isSurrogateKey>false</isSurrogateKey>
<indexColumnUsage>
<colUsage columnID="8CC74FFC-01DA-1707-4C71-244A607F4572"/>
</indexColumnUsage>
</ind_PK_UK>
<ind_PK_UK id="44F4FBFF-E92F-EE67-EF6C-4CA7F12987E5" name="PACIENTE_TIPO_USUARIO_FK">
<createdBy>Francis</createdBy>
<createdTime>2025-09-14 02:58:22 UTC</createdTime>
<generatorID>DBDE2E62-3D59-68B7-6897-E68D08603256</generatorID>
<ownerDesignName>Centro_medico</ownerDesignName>
<indexState>Foreign Key</indexState>
<isSurrogateKey>false</isSurrogateKey>
<indexColumnUsage>
<colUsage columnID="F92EAB51-A4A5-B842-4197-E610C711B6E6"/>
</indexColumnUsage>
</ind_PK_UK>
</indexes>
</Table>