<?xml version = '1.0' encoding = 'UTF-8'?>
<Diagram class="oracle.dbtools.crest.swingui.relational.DPVRelational" name="Relational_1" id="FC357877-F9F5-BA90-7681-E412B9768725">
<createdBy>Francis</createdBy>
<modifiedBy>Francis</modifiedBy>
<createdTime>2025-09-10 20:14:21 UTC</createdTime>
<autoRoute>false</autoRoute>
<boxInbox>true</boxInbox>
<showLegend>false</showLegend>
<showLabels>false</showLabels>
<showRelAttributes>false</showRelAttributes>
<gridEnabled>false</gridEnabled>
<showGrid>false</showGrid>
<diagramColor>-1</diagramColor>
<display>false</display>
<notation>1</notation>
<objectViews>
<OView class="oracle.dbtools.crest.swingui.relational.TVTable" oid="0D46EAFB-7923-1B61-0267-D735804840E8" otype="Table" vid="87001908-1FEA-FB66-83BE-0848BC392633">
<hideElementsInCurrentOnly>false</hideElementsInCurrentOnly>
<bounds x="1865" y="570" width="183" height="75"/>
</OView>
<OView class="oracle.dbtools.crest.swingui.relational.TVTable" oid="116D416B-2BF4-2DAD-D030-89313D7D968F" otype="Table" vid="0728C790-BED7-4425-D36B-2B7E4FC056AA">
<hideElementsInCurrentOnly>false</hideElementsInCurrentOnly>
<bounds x="1180" y="603" width="301" height="95"/>
</OView>
<OView class="oracle.dbtools.crest.swingui.relational.TVTable" oid="14D81F49-435B-233D-6A4D-1AD226683E66" otype="Table" vid="458F34E1-D384-9CA7-B400-5C8D12D676E7">
<hideElementsInCurrentOnly>false</hideElementsInCurrentOnly>
<bounds x="31" y="779" width="180" height="74"/>
</OView>
<OView class="oracle.dbtools.crest.swingui.relational.TVTable" oid="15431F8E-9CDD-D317-9A3A-4C20137B0505" otype="Table" vid="361DF0B6-0BF2-D433-278C-E7F5D87B5C4F">
<hideElementsInCurrentOnly>false</hideElementsInCurrentOnly>
<bounds x="316" y="835" width="284" height="114"/>
</OView>
<OView class="oracle.dbtools.crest.swingui.relational.TVTable" oid="2EE2F06B-2396-0324-94C2-2BDA2910B288" otype="Table" vid="C7BD758E-823C-921B-A957-3BD51E4B24A8">
<hideElementsInCurrentOnly>false</hideElementsInCurrentOnly>
<bounds x="438" y="332" width="312" height="200"/>
</OView>
<OView class="oracle.dbtools.crest.swingui.relational.TVTable" oid="50EC7202-5B18-CE14-062B-1A08037D5E64" otype="Table" vid="C28555C3-8F7E-7CCA-D555-EBF117555D54">
<hideElementsInCurrentOnly>false</hideElementsInCurrentOnly>
<bounds x="1351" y="227" width="165" height="75"/>
</OView>
<OView class="oracle.dbtools.crest.swingui.relational.TVTable" oid="58A93BF8-AEB9-5652-D12D-9F4AC995DAB3" otype="Table" vid="6D5FDAB5-8E81-2EBB-2797-3A21B4593114">
<hideElementsInCurrentOnly>false</hideElementsInCurrentOnly>
<bounds x="853" y="321" width="377" height="185"/>
</OView>
<OView class="oracle.dbtools.crest.swingui.relational.TVTable" oid="5DBF5A45-DD64-B13F-0324-6A3DB3955133" otype="Table" vid="8E281909-E0D5-B5AF-7F17-B37213D5F212">
<hideElementsInCurrentOnly>false</hideElementsInCurrentOnly>
<bounds x="474" y="183" width="229" height="94"/>
</OView>
<OView class="oracle.dbtools.crest.swingui.relational.TVTable" oid="663B7996-1FBC-C570-831C-30FF58C8CA65" otype="Table" vid="DBDF7C65-6187-5499-F930-03D7BD9B1035">
<hideElementsInCurrentOnly>false</hideElementsInCurrentOnly>
<bounds x="1743" y="193" width="322" height="109"/>
</OView>
<OView class="oracle.dbtools.crest.swingui.relational.TVTable" oid="6AE2C55C-C2F9-B2DF-4957-36CA26CF7F88" otype="Table" vid="DA8C249B-E67D-87E2-84B3-79B9E3AAB611">
<hideElementsInCurrentOnly>false</hideElementsInCurrentOnly>
<bounds x="1201" y="826" width="290" height="109"/>
</OView>
<OView class="oracle.dbtools.crest.swingui.relational.TVTable" oid="72E5C170-E96F-9F90-FA77-0F1427CF0266" otype="Table" vid="7576C5A2-D808-13BA-8925-6C2FE642EF66">
<hideElementsInCurrentOnly>false</hideElementsInCurrentOnly>
<bounds x="1098" y="21" width="290" height="171"/>
</OView>
<OView class="oracle.dbtools.crest.swingui.relational.TVTable" oid="7756A216-30AA-9F4D-9F28-23BFED021EBD" otype="Table" vid="DDB3D5DC-C8DD-6D85-8DF3-EF8AB8801151">
<hideElementsInCurrentOnly>false</hideElementsInCurrentOnly>
<bounds x="1794" y="405" width="274" height="109"/>
</OView>
<OView class="oracle.dbtools.crest.swingui.relational.TVTable" oid="824050DA-ABCD-A5BC-22A5-6626AD27A804" otype="Table" vid="1147B04B-989D-D26B-4B25-7DAC0B5BE1BB">
<hideElementsInCurrentOnly>false</hideElementsInCurrentOnly>
<bounds x="280" y="27" width="214" height="74"/>
</OView>
<OView class="oracle.dbtools.crest.swingui.relational.TVTable" oid="8AEA6297-0DC5-3D7F-89A6-05BC7A95D038" otype="Table" vid="BBF994AC-0273-8F6D-C976-8A81C2A8DB06">
<hideElementsInCurrentOnly>false</hideElementsInCurrentOnly>
<bounds x="769" y="1120" width="329" height="109"/>
</OView>
<OView class="oracle.dbtools.crest.swingui.relational.TVTable" oid="96752B38-F7BB-59D1-B079-7B65D4F54B1A" otype="Table" vid="C303E349-B840-0ACE-9508-2206B7523BA2">
<hideElementsInCurrentOnly>false</hideElementsInCurrentOnly>
<bounds x="693" y="795" width="448" height="185"/>
</OView>
<OView class="oracle.dbtools.crest.swingui.relational.TVTable" oid="A6436577-D778-37D7-3EF9-CC42C2E0A97A" otype="Table" vid="01B35421-28F4-E8CA-07B6-BD730C39DF66">
<hideElementsInCurrentOnly>false</hideElementsInCurrentOnly>
<bounds x="1598" y="22" width="198" height="75"/>
</OView>
<OView class="oracle.dbtools.crest.swingui.relational.TVTable" oid="ACED4E75-5636-1D31-D966-772E0B5ECDEF" otype="Table" vid="212BD53E-B593-BBA3-F48D-6A3F0F94823D">
<hideElementsInCurrentOnly>false</hideElementsInCurrentOnly>
<bounds x="25" y="623" width="245" height="108"/>
</OView>
<OView class="oracle.dbtools.crest.swingui.relational.TVTable" oid="D393B9F8-66E8-6367-0E72-81A526B30925" otype="Table" vid="92437838-DB09-42B8-1253-C57656C8C0B6">
<hideElementsInCurrentOnly>false</hideElementsInCurrentOnly>
<bounds x="725" y="572" width="343" height="157"/>
</OView>
<OView class="oracle.dbtools.crest.swingui.relational.TVTable" oid="DC796539-4B78-0AB9-D2B2-72978D5920B2" otype="Table" vid="6651AA88-35D1-DB3F-5A66-8DF2DE61B951">
<hideElementsInCurrentOnly>false</hideElementsInCurrentOnly>
<bounds x="1338" y="361" width="368" height="193"/>
</OView>
<OView class="oracle.dbtools.crest.swingui.relational.TVTable" oid="F2780811-DE52-5ED2-62FC-04DD2E01B4BF" otype="Table" vid="9128D449-BE5D-1A19-5AAE-66867D0C94A6">
<hideElementsInCurrentOnly>false</hideElementsInCurrentOnly>
<bounds x="1504" y="137" width="210" height="75"/>
</OView>
<OView class="oracle.dbtools.crest.swingui.relational.TVTable" oid="F36805AD-1A03-16B1-23CD-BD270FE22C7B" otype="Table" vid="E5B935AA-1E2D-4C37-6627-CA3A4DD82D23">
<hideElementsInCurrentOnly>false</hideElementsInCurrentOnly>
<bounds x="11" y="88" width="220" height="128"/>
</OView>
<OView class="oracle.dbtools.crest.swingui.relational.TVTable" oid="F508E037-AF9A-67A2-A50B-5F170E3AA52D" otype="Table" vid="8835661F-FFC7-5631-30AE-8C1F92C4C848">
<hideElementsInCurrentOnly>false</hideElementsInCurrentOnly>
<bounds x="844" y="192" width="229" height="75"/>
</OView>
<OView class="oracle.dbtools.crest.swingui.relational.TVTable" oid="FE900981-65BE-8F34-E913-C3537D26F7F6" otype="Table" vid="C74078B0-BD73-D7C1-B5BD-D0191E2D78B1">
<hideElementsInCurrentOnly>false</hideElementsInCurrentOnly>
<bounds x="31" y="300" width="354" height="226"/>
</OView>
</objectViews>
<connectors>
<Connector class="oracle.dbtools.crest.swingui.relational.TVFKRelation" oid="013E5C02-AA09-2A7D-3CA0-25C016A12D78" otype="FKIndexAssociation" vid_source="212BD53E-B593-BBA3-F48D-6A3F0F94823D" vid_target="C74078B0-BD73-D7C1-B5BD-D0191E2D78B1">
<hideElementsInCurrentOnly>false</hideElementsInCurrentOnly>
<backgroundColor>-16777216</backgroundColor>
<lineWidth>1</lineWidth>
<points>
<point x="150" y="623"/>
<point x="150" y="526"/>
</points>
</Connector>
<Connector class="oracle.dbtools.crest.swingui.relational.TVFKRelation" oid="070F9052-A3A1-4939-7C1B-A1EB907E1912" otype="FKIndexAssociation" vid_source="C7BD758E-823C-921B-A957-3BD51E4B24A8" vid_target="8E281909-E0D5-B5AF-7F17-B37213D5F212">
<hideElementsInCurrentOnly>false</hideElementsInCurrentOnly>
<backgroundColor>-16777216</backgroundColor>
<lineWidth>1</lineWidth>
<points>
<point x="588" y="332"/>
<point x="588" y="277"/>
</points>
</Connector>
<Connector class="oracle.dbtools.crest.swingui.relational.TVFKRelation" oid="0B3375AA-E0BE-D2F0-0C53-99D6F7010AE5" otype="FKIndexAssociation" vid_source="C28555C3-8F7E-7CCA-D555-EBF117555D54" vid_target="6651AA88-35D1-DB3F-5A66-8DF2DE61B951">
<hideElementsInCurrentOnly>false</hideElementsInCurrentOnly>
<backgroundColor>-16777216</backgroundColor>
<lineWidth>1</lineWidth>
<points>
<point x="1433" y="302"/>
<point x="1433" y="361"/>
</points>
</Connector>
<Connector class="oracle.dbtools.crest.swingui.relational.TVFKRelation" oid="0DD2DF6F-5AB0-005D-B5FC-C7A938956F1B" otype="FKIndexAssociation" vid_source="6651AA88-35D1-DB3F-5A66-8DF2DE61B951" vid_target="DBDF7C65-6187-5499-F930-03D7BD9B1035">
<hideElementsInCurrentOnly>false</hideElementsInCurrentOnly>
<backgroundColor>-16777216</backgroundColor>
<lineWidth>1</lineWidth>
<points>
<point x="1697" y="361"/>
<point x="1804" y="302"/>
</points>
</Connector>
<Connector class="oracle.dbtools.crest.swingui.relational.TVFKRelation" oid="1CA1C04A-C912-EF9C-0C9C-4DB7F42B74C0" otype="FKIndexAssociation" vid_source="1147B04B-989D-D26B-4B25-7DAC0B5BE1BB" vid_target="C74078B0-BD73-D7C1-B5BD-D0191E2D78B1">
<hideElementsInCurrentOnly>false</hideElementsInCurrentOnly>
<backgroundColor>-16777216</backgroundColor>
<lineWidth>1</lineWidth>
<points>
<point x="332" y="101"/>
<point x="332" y="300"/>
</points>
</Connector>
<Connector class="oracle.dbtools.crest.swingui.relational.TVFKRelation" oid="23FD5219-2141-A8FC-0800-941DD605905D" otype="FKIndexAssociation" vid_source="C303E349-B840-0ACE-9508-2206B7523BA2" vid_target="BBF994AC-0273-8F6D-C976-8A81C2A8DB06">
<hideElementsInCurrentOnly>false</hideElementsInCurrentOnly>
<backgroundColor>-16777216</backgroundColor>
<lineWidth>1</lineWidth>
<points>
<point x="933" y="980"/>
<point x="933" y="1120"/>
</points>
</Connector>
<Connector class="oracle.dbtools.crest.swingui.relational.TVFKRelation" oid="2450996A-7EA8-FB07-A31D-E87BCF8B6AD1" otype="FKIndexAssociation" vid_source="9128D449-BE5D-1A19-5AAE-66867D0C94A6" vid_target="6651AA88-35D1-DB3F-5A66-8DF2DE61B951">
<hideElementsInCurrentOnly>false</hideElementsInCurrentOnly>
<backgroundColor>-16777216</backgroundColor>
<lineWidth>1</lineWidth>
<points>
<point x="1605" y="212"/>
<point x="1605" y="361"/>
</points>
</Connector>
<Connector class="oracle.dbtools.crest.swingui.relational.TVFKRelation" oid="2C12C02D-CA78-D2F7-8CEE-1AD81CD013AD" otype="FKIndexAssociation" vid_source="C303E349-B840-0ACE-9508-2206B7523BA2" vid_target="361DF0B6-0BF2-D433-278C-E7F5D87B5C4F">
<hideElementsInCurrentOnly>false</hideElementsInCurrentOnly>
<backgroundColor>-16777216</backgroundColor>
<lineWidth>1</lineWidth>
<points>
<point x="693" y="892"/>
<point x="600" y="892"/>
</points>
</Connector>
<Connector class="oracle.dbtools.crest.swingui.relational.TVFKRelation" oid="30D598ED-C26B-3303-D712-669372943E43" otype="FKIndexAssociation" vid_source="01B35421-28F4-E8CA-07B6-BD730C39DF66" vid_target="7576C5A2-D808-13BA-8925-6C2FE642EF66">
<hideElementsInCurrentOnly>false</hideElementsInCurrentOnly>
<backgroundColor>-16777216</backgroundColor>
<lineWidth>1</lineWidth>
<points>
<point x="1598" y="59"/>
<point x="1388" y="59"/>
</points>
</Connector>
<Connector class="oracle.dbtools.crest.swingui.relational.TVFKRelation" oid="32DD2B7A-A553-1D54-1DF7-90FA676F7292" otype="FKIndexAssociation" vid_source="458F34E1-D384-9CA7-B400-5C8D12D676E7" vid_target="212BD53E-B593-BBA3-F48D-6A3F0F94823D">
<hideElementsInCurrentOnly>false</hideElementsInCurrentOnly>
<backgroundColor>-16777216</backgroundColor>
<lineWidth>1</lineWidth>
<points>
<point x="121" y="779"/>
<point x="121" y="731"/>
</points>
</Connector>
<Connector class="oracle.dbtools.crest.swingui.relational.TVFKRelation" oid="37385B4D-35E8-8F16-72D8-D37D35FC8448" otype="FKIndexAssociation" vid_source="6D5FDAB5-8E81-2EBB-2797-3A21B4593114" vid_target="92437838-DB09-42B8-1253-C57656C8C0B6">
<hideElementsInCurrentOnly>false</hideElementsInCurrentOnly>
<backgroundColor>-16777216</backgroundColor>
<lineWidth>1</lineWidth>
<points>
<point x="960" y="506"/>
<point x="960" y="572"/>
</points>
</Connector>
<Connector class="oracle.dbtools.crest.swingui.relational.TVFKRelation" oid="39AD572D-0973-EB63-4708-A3EA7613E9AB" otype="FKIndexAssociation" vid_source="6D5FDAB5-8E81-2EBB-2797-3A21B4593114" vid_target="C7BD758E-823C-921B-A957-3BD51E4B24A8">
<hideElementsInCurrentOnly>false</hideElementsInCurrentOnly>
<backgroundColor>-16777216</backgroundColor>
<lineWidth>1</lineWidth>
<points>
<point x="853" y="419"/>
<point x="750" y="419"/>
</points>
</Connector>
<Connector class="oracle.dbtools.crest.swingui.relational.TVFKRelation" oid="401D3254-25A6-331E-75F3-45E8410FA611" otype="FKIndexAssociation" vid_source="C303E349-B840-0ACE-9508-2206B7523BA2" vid_target="92437838-DB09-42B8-1253-C57656C8C0B6">
<hideElementsInCurrentOnly>false</hideElementsInCurrentOnly>
<backgroundColor>-16777216</backgroundColor>
<lineWidth>1</lineWidth>
<points>
<point x="896" y="795"/>
<point x="896" y="729"/>
</points>
</Connector>
<Connector class="oracle.dbtools.crest.swingui.relational.TVFKRelation" oid="42D6042C-1D1B-014D-C9F5-C194E9679893" otype="FKIndexAssociation" vid_source="7576C5A2-D808-13BA-8925-6C2FE642EF66" vid_target="6D5FDAB5-8E81-2EBB-2797-3A21B4593114">
<hideElementsInCurrentOnly>false</hideElementsInCurrentOnly>
<backgroundColor>-16777216</backgroundColor>
<lineWidth>1</lineWidth>
<points>
<point x="1164" y="192"/>
<point x="1164" y="321"/>
</points>
</Connector>
<Connector class="oracle.dbtools.crest.swingui.relational.TVFKRelation" oid="434A96D9-3477-422A-8450-E1CF42C120D4" otype="FKIndexAssociation" vid_source="6651AA88-35D1-DB3F-5A66-8DF2DE61B951" vid_target="6D5FDAB5-8E81-2EBB-2797-3A21B4593114">
<hideElementsInCurrentOnly>false</hideElementsInCurrentOnly>
<backgroundColor>-16777216</backgroundColor>
<lineWidth>1</lineWidth>
<points>
<point x="1338" y="433"/>
<point x="1230" y="433"/>
</points>
</Connector>
<Connector class="oracle.dbtools.crest.swingui.relational.TVFKRelation" oid="61FBB487-FDFE-180F-B70D-C89F17943554" otype="FKIndexAssociation" vid_source="DDB3D5DC-C8DD-6D85-8DF3-EF8AB8801151" vid_target="6651AA88-35D1-DB3F-5A66-8DF2DE61B951">
<hideElementsInCurrentOnly>false</hideElementsInCurrentOnly>
<backgroundColor>-16777216</backgroundColor>
<lineWidth>1</lineWidth>
<points>
<point x="1794" y="459"/>
<point x="1706" y="459"/>
</points>
</Connector>
<Connector class="oracle.dbtools.crest.swingui.relational.TVFKRelation" oid="68C37BA8-3B4F-2A76-FEA8-794AE472F627" otype="FKIndexAssociation" vid_source="6D5FDAB5-8E81-2EBB-2797-3A21B4593114" vid_target="7576C5A2-D808-13BA-8925-6C2FE642EF66">
<hideElementsInCurrentOnly>false</hideElementsInCurrentOnly>
<backgroundColor>-16777216</backgroundColor>
<lineWidth>1</lineWidth>
<points>
<point x="1179" y="321"/>
<point x="1179" y="192"/>
</points>
</Connector>
<Connector class="oracle.dbtools.crest.swingui.relational.TVFKRelation" oid="88A128DC-65D7-AE4A-3E8E-F53BCF9F4A15" otype="FKIndexAssociation" vid_source="C74078B0-BD73-D7C1-B5BD-D0191E2D78B1" vid_target="E5B935AA-1E2D-4C37-6627-CA3A4DD82D23">
<hideElementsInCurrentOnly>false</hideElementsInCurrentOnly>
<backgroundColor>-16777216</backgroundColor>
<lineWidth>1</lineWidth>
<points>
<point x="131" y="300"/>
<point x="131" y="216"/>
</points>
</Connector>
<Connector class="oracle.dbtools.crest.swingui.relational.TVFKRelation" oid="93A8F0AB-2A7B-0949-AF3B-548B9232EBC4" otype="FKIndexAssociation" vid_source="C303E349-B840-0ACE-9508-2206B7523BA2" vid_target="DA8C249B-E67D-87E2-84B3-79B9E3AAB611">
<hideElementsInCurrentOnly>false</hideElementsInCurrentOnly>
<backgroundColor>-16777216</backgroundColor>
<lineWidth>1</lineWidth>
<points>
<point x="1141" y="880"/>
<point x="1201" y="880"/>
</points>
</Connector>
<Connector class="oracle.dbtools.crest.swingui.relational.TVFKRelation" oid="93CCCE25-F45A-BABC-A947-E6DC06DAAD3B" otype="FKIndexAssociation" vid_source="C74078B0-BD73-D7C1-B5BD-D0191E2D78B1" vid_target="C7BD758E-823C-921B-A957-3BD51E4B24A8">
<hideElementsInCurrentOnly>false</hideElementsInCurrentOnly>
<backgroundColor>-16777216</backgroundColor>
<lineWidth>1</lineWidth>
<points>
<point x="385" y="429"/>
<point x="438" y="429"/>
</points>
</Connector>
<Connector class="oracle.dbtools.crest.swingui.relational.TVFKRelation" oid="9D15CDB0-3FE1-062C-24B7-5815C11E7723" otype="FKIndexAssociation" vid_source="BBF994AC-0273-8F6D-C976-8A81C2A8DB06" vid_target="C303E349-B840-0ACE-9508-2206B7523BA2">
<hideElementsInCurrentOnly>false</hideElementsInCurrentOnly>
<backgroundColor>-16777216</backgroundColor>
<lineWidth>1</lineWidth>
<points>
<point x="948" y="1120"/>
<point x="948" y="980"/>
</points>
</Connector>
<Connector class="oracle.dbtools.crest.swingui.relational.TVFKRelation" oid="9E9684DE-FD33-164F-91D8-B4CF215D7EA2" otype="FKIndexAssociation" vid_source="8835661F-FFC7-5631-30AE-8C1F92C4C848" vid_target="6D5FDAB5-8E81-2EBB-2797-3A21B4593114">
<hideElementsInCurrentOnly>false</hideElementsInCurrentOnly>
<backgroundColor>-16777216</backgroundColor>
<lineWidth>1</lineWidth>
<points>
<point x="963" y="267"/>
<point x="963" y="321"/>
</points>
</Connector>
<Connector class="oracle.dbtools.crest.swingui.relational.TVFKRelation" oid="C3FFF9CA-6001-5327-E9B6-235E509E3089" otype="FKIndexAssociation" vid_source="E5B935AA-1E2D-4C37-6627-CA3A4DD82D23" vid_target="C74078B0-BD73-D7C1-B5BD-D0191E2D78B1">
<hideElementsInCurrentOnly>false</hideElementsInCurrentOnly>
<backgroundColor>-16777216</backgroundColor>
<lineWidth>1</lineWidth>
<points>
<point x="146" y="216"/>
<point x="146" y="300"/>
</points>
</Connector>
<Connector class="oracle.dbtools.crest.swingui.relational.TVFKRelation" oid="DF282885-C7F2-1ACA-B0BF-2CBB716FE896" otype="FKIndexAssociation" vid_source="87001908-1FEA-FB66-83BE-0848BC392633" vid_target="DDB3D5DC-C8DD-6D85-8DF3-EF8AB8801151">
<hideElementsInCurrentOnly>false</hideElementsInCurrentOnly>
<backgroundColor>-16777216</backgroundColor>
<lineWidth>1</lineWidth>
<points>
<point x="1956" y="570"/>
<point x="1956" y="514"/>
</points>
</Connector>
<Connector class="oracle.dbtools.crest.swingui.relational.TVFKRelation" oid="E12385D9-7547-CD5B-E0E3-7E500B1DBD11" otype="FKIndexAssociation" vid_source="8E281909-E0D5-B5AF-7F17-B37213D5F212" vid_target="C7BD758E-823C-921B-A957-3BD51E4B24A8">
<hideElementsInCurrentOnly>false</hideElementsInCurrentOnly>
<backgroundColor>-16777216</backgroundColor>
<lineWidth>1</lineWidth>
<points>
<point x="603" y="277"/>
<point x="603" y="332"/>
</points>
</Connector>
<Connector class="oracle.dbtools.crest.swingui.relational.TVFKRelation" oid="F5217C27-C528-C387-AD2C-99A2F78A489B" otype="FKIndexAssociation" vid_source="6D5FDAB5-8E81-2EBB-2797-3A21B4593114" vid_target="0728C790-BED7-4425-D36B-2B7E4FC056AA">
<hideElementsInCurrentOnly>false</hideElementsInCurrentOnly>
<backgroundColor>-16777216</backgroundColor>
<lineWidth>1</lineWidth>
<points>
<point x="1205" y="506"/>
<point x="1205" y="603"/>
</points>
</Connector>
</connectors>
</Diagram>