<?xml version = '1.0' encoding = 'UTF-8'?>
<relationalModel class="oracle.dbtools.crest.model.design.relational.RelationalDesign" name="Relational_1" id="9C34C6FD-ADA5-170C-4706-00DDB76A0574" mainViewID="FC357877-F9F5-BA90-7681-E412B9768725">
<createdBy>Francis</createdBy>
<createdTime>2025-09-10 17:54:12 UTC</createdTime>
<ownerDesignName>Centro_medico</ownerDesignName>
<shouldBeOpen>false</shouldBeOpen>
<selectedRDBMSSite>32076570-2523-435C-2E92-BF29817DFF70</selectedRDBMSSite>
</relationalModel>