<?xml version = '1.0' encoding = 'UTF-8'?>
<Relation class="oracle.dbtools.crest.model.design.logical.Relation" name="especialidad_unidad" directorySegmentName="seg_0" id="11482670-D7C9-6683-5B99-A2BD994249F4">
<createdBy>Francis</createdBy>
<createdTime>2025-09-14 02:35:30 UTC</createdTime>
<ownerDesignName>Centro_medico</ownerDesignName>
<engineerTo>
<item key="9C34C6FD-ADA5-170C-4706-00DDB76A0574" value="true"/>
</engineerTo>
<sourcePk>009FEE4E-2DDC-922D-D85A-85EAADE120FD</sourcePk>
<targetPk>4BEAFAB3-65FB-1278-9C30-9CCCAA41663A</targetPk>
<identifying>false</identifying>
<nameOnSource>pertenece a </nameOnSource>
<nameOnTarget>tiene </nameOnTarget>
<optionalSource>false</optionalSource>
<optionalTarget>false</optionalTarget>
<sourceCardinality>*</sourceCardinality>
<sourceEntity>5EA78BE5-8FB4-C737-CA9B-DEC4B6E8D177</sourceEntity>
<targetCardinalityString>1</targetCardinalityString>
<targetEntity>195D294F-AF30-70B7-653E-D1BC5CF68988</targetEntity>
<transferable>true</transferable>
<deleteRule>NO ACTION</deleteRule>
</Relation>