<?xml version = '1.0' encoding = 'UTF-8'?>
<Relation class="oracle.dbtools.crest.model.design.logical.Relation" name="medico_atencion" directorySegmentName="seg_0" id="171B04BE-61B8-CA08-157B-3702B823B96D">
<createdBy>Francis</createdBy>
<createdTime>2025-09-10 18:26:41 UTC</createdTime>
<ownerDesignName>Centro_medico</ownerDesignName>
<engineerTo>
<item key="9C34C6FD-ADA5-170C-4706-00DDB76A0574" value="true"/>
</engineerTo>
<sourcePk>81E8CF01-506E-0701-54ED-FC7A314FAB94</sourcePk>
<identifying>false</identifying>
<optionalSource>false</optionalSource>
<optionalTarget>false</optionalTarget>
<sourceCardinality>1</sourceCardinality>
<sourceEntity>49F5A783-AA61-304B-4936-62C12FA4ACF0</sourceEntity>
<targetCardinalityString>*</targetCardinalityString>
<targetEntity>41B289FA-E43A-0AB8-39E0-07B2CF63FB5B</targetEntity>
<transferable>true</transferable>
<deleteRule>NO ACTION</deleteRule>
</Relation>