<?xml version = '1.0' encoding = 'UTF-8'?>
<Relation class="oracle.dbtools.crest.model.design.logical.Relation" name="cita_estado" directorySegmentName="seg_0" id="1F34DD26-B828-3739-BC31-7645FD5FCECA">
<createdBy>Francis</createdBy>
<createdTime>2025-09-14 02:43:49 UTC</createdTime>
<ownerDesignName>Centro_medico</ownerDesignName>
<engineerTo>
<item key="9C34C6FD-ADA5-170C-4706-00DDB76A0574" value="true"/>
</engineerTo>
<sourceTransferable>false</sourceTransferable>
<targetTransferable>false</targetTransferable>
<sourcePk>5EA72C64-F5ED-94D1-F655-0591CA70B663</sourcePk>
<targetPk>5707925A-C3A7-2C7B-6934-6C0D4B440611</targetPk>
<identifying>false</identifying>
<optionalSource>false</optionalSource>
<optionalTarget>false</optionalTarget>
<sourceCardinality>1</sourceCardinality>
<sourceEntity>DB4606BE-0445-C09E-EBFB-815CE0831AA7</sourceEntity>
<targetCardinalityString>1</targetCardinalityString>
<targetEntity>AB40DCC7-AB46-DF34-1B9B-BF53F8674644</targetEntity>
<transferable>true</transferable>
<deleteRule>NO ACTION</deleteRule>
</Relation>