<?xml version = '1.0' encoding = 'UTF-8'?>
<Relation class="oracle.dbtools.crest.model.design.logical.Relation" name="examen_resultado" directorySegmentName="seg_0" id="220357F4-798A-03A0-6F36-2CEDA27C45E8">
<createdBy>Francis</createdBy>
<createdTime>2025-09-14 02:37:59 UTC</createdTime>
<ownerDesignName>Centro_medico</ownerDesignName>
<engineerTo>
<item key="9C34C6FD-ADA5-170C-4706-00DDB76A0574" value="true"/>
</engineerTo>
<sourcePk>2BB0C7F4-B809-4718-F749-6BA72115BF6C</sourcePk>
<targetPk>BC588314-73EA-7276-B153-1F46CC42630B</targetPk>
<identifying>false</identifying>
<optionalSource>false</optionalSource>
<optionalTarget>false</optionalTarget>
<sourceCardinality>1</sourceCardinality>
<sourceEntity>624C5F88-5299-2D44-6C13-CC7C7508DF94</sourceEntity>
<targetCardinalityString>1</targetCardinalityString>
<targetEntity>836BDC41-DE4E-9876-2929-63CC92D1EB40</targetEntity>
<transferable>true</transferable>
<deleteRule>NO ACTION</deleteRule>
</Relation>