<?xml version = '1.0' encoding = 'UTF-8'?>
<Relation class="oracle.dbtools.crest.model.design.logical.Relation" name="tipo_atencion" directorySegmentName="seg_0" id="248D7501-E881-C9BD-C6F0-CAFD61C51271">
<createdBy>Francis</createdBy>
<createdTime>2025-09-10 18:32:42 UTC</createdTime>
<ownerDesignName>Centro_medico</ownerDesignName>
<engineerTo>
<item key="9C34C6FD-ADA5-170C-4706-00DDB76A0574" value="true"/>
</engineerTo>
<sourcePk>B15AF126-7D73-8773-4EBC-86539BE521A1</sourcePk>
<identifying>false</identifying>
<optionalSource>false</optionalSource>
<optionalTarget>false</optionalTarget>
<sourceCardinality>1</sourceCardinality>
<sourceEntity>6AEE9D17-E859-B665-A3E5-6A1A73D5C1EB</sourceEntity>
<targetCardinalityString>*</targetCardinalityString>
<targetEntity>41B289FA-E43A-0AB8-39E0-07B2CF63FB5B</targetEntity>
<transferable>true</transferable>
<deleteRule>NO ACTION</deleteRule>
</Relation>