<?xml version = '1.0' encoding = 'UTF-8'?>
<Relation class="oracle.dbtools.crest.model.design.logical.Relation" name="medico_supervisor" directorySegmentName="seg_0" id="2D00B590-9C9E-1AA3-26A7-D4C9AD6DC74A">
<createdBy>Francis</createdBy>
<createdTime>2025-09-10 19:09:30 UTC</createdTime>
<ownerDesignName>Centro_medico</ownerDesignName>
<engineerTo>
<item key="9C34C6FD-ADA5-170C-4706-00DDB76A0574" value="true"/>
</engineerTo>
<sourcePk>81E8CF01-506E-0701-54ED-FC7A314FAB94</sourcePk>
<identifying>false</identifying>
<optionalSource>false</optionalSource>
<optionalTarget>true</optionalTarget>
<sourceCardinality>1</sourceCardinality>
<sourceEntity>49F5A783-AA61-304B-4936-62C12FA4ACF0</sourceEntity>
<targetCardinalityString>*</targetCardinalityString>
<targetEntity>E02FBFC5-01AA-4555-D5D2-1DFFB53A7CC0</targetEntity>
<transferable>true</transferable>
<deleteRule>NO ACTION</deleteRule>
</Relation>