<?xml version = '1.0' encoding = 'UTF-8'?>
<Relation class="oracle.dbtools.crest.model.design.logical.Relation" name="pago_atencion" directorySegmentName="seg_0" id="2F43B87D-4B52-64C3-9FBD-95B53C1F0082">
<createdBy>Francis</createdBy>
<createdTime>2025-09-10 18:30:35 UTC</createdTime>
<ownerDesignName>Centro_medico</ownerDesignName>
<engineerTo>
<item key="9C34C6FD-ADA5-170C-4706-00DDB76A0574" value="true"/>
</engineerTo>
<sourceTransferable>false</sourceTransferable>
<targetTransferable>false</targetTransferable>
<sourcePk>CF272E44-C0A7-44A5-A8EA-3D3BF2DB6B66</sourcePk>
<targetPk>B118F865-E53D-838F-4B14-C9062A40CF2C</targetPk>
<identifying>false</identifying>
<optionalSource>false</optionalSource>
<optionalTarget>false</optionalTarget>
<sourceCardinality>1</sourceCardinality>
<sourceEntity>D658C3F1-165B-1713-F52C-D850A00A1DFC</sourceEntity>
<targetCardinalityString>1</targetCardinalityString>
<targetEntity>41B289FA-E43A-0AB8-39E0-07B2CF63FB5B</targetEntity>
<transferable>true</transferable>
<deleteRule>NO ACTION</deleteRule>
</Relation>