<?xml version = '1.0' encoding = 'UTF-8'?>
<Relation class="oracle.dbtools.crest.model.design.logical.Relation" name="solicitud_examen" directorySegmentName="seg_0" id="332C8A06-1EF3-B3CE-D295-A4F1CFD5CC75">
<createdBy>Francis</createdBy>
<createdTime>2025-09-10 19:30:00 UTC</createdTime>
<ownerDesignName>Centro_medico</ownerDesignName>
<engineerTo>
<item key="9C34C6FD-ADA5-170C-4706-00DDB76A0574" value="true"/>
</engineerTo>
<targetPk>2BB0C7F4-B809-4718-F749-6BA72115BF6C</targetPk>
<identifying>false</identifying>
<optionalSource>false</optionalSource>
<optionalTarget>true</optionalTarget>
<sourceCardinality>1</sourceCardinality>
<sourceEntity>C8AD4BE0-0F9F-ED33-51D1-38CDBB23CBA2</sourceEntity>
<targetCardinalityString>1</targetCardinalityString>
<targetEntity>624C5F88-5299-2D44-6C13-CC7C7508DF94</targetEntity>
<transferable>true</transferable>
<deleteRule>NO ACTION</deleteRule>
</Relation>