<?xml version = '1.0' encoding = 'UTF-8'?>
<Relation class="oracle.dbtools.crest.model.design.logical.Relation" name="region_comuna" directorySegmentName="seg_0" id="3CCA65F7-F71B-9E1A-F92F-8E392C5BA9EE">
<createdBy>Francis</createdBy>
<createdTime>2025-09-10 18:18:46 UTC</createdTime>
<ownerDesignName>Centro_medico</ownerDesignName>
<engineerTo>
<item key="9C34C6FD-ADA5-170C-4706-00DDB76A0574" value="true"/>
</engineerTo>
<sourceTransferable>false</sourceTransferable>
<targetTransferable>false</targetTransferable>
<sourcePk>ACFD2A9F-2974-1016-E3E1-531833C4537E</sourcePk>
<identifying>false</identifying>
<nameOnSource>tiene</nameOnSource>
<nameOnTarget>pertenece a </nameOnTarget>
<optionalSource>false</optionalSource>
<optionalTarget>false</optionalTarget>
<sourceCardinality>1</sourceCardinality>
<sourceEntity>B0BE77F7-B1FC-B362-09BA-A2E41976AF0F</sourceEntity>
<targetCardinalityString>*</targetCardinalityString>
<targetEntity>BC1F84DA-9C56-53EB-F4F9-0EE4D9A48558</targetEntity>
<transferable>true</transferable>
<deleteRule>NO ACTION</deleteRule>
</Relation>