<?xml version = '1.0' encoding = 'UTF-8'?>
<Relation class="oracle.dbtools.crest.model.design.logical.Relation" name="paciente_comuna" directorySegmentName="seg_0" id="3EC7637A-32AA-9EDF-FBE0-BF54B64F4501">
<createdBy>Francis</createdBy>
<createdTime>2025-09-10 18:18:34 UTC</createdTime>
<ownerDesignName>Centro_medico</ownerDesignName>
<engineerTo>
<item key="9C34C6FD-ADA5-170C-4706-00DDB76A0574" value="true"/>
</engineerTo>
<sourcePk>E4C77B49-4D08-F0A7-316C-FB6D9AFD04C8</sourcePk>
<identifying>false</identifying>
<optionalSource>false</optionalSource>
<optionalTarget>false</optionalTarget>
<sourceCardinality>1</sourceCardinality>
<sourceEntity>BC1F84DA-9C56-53EB-F4F9-0EE4D9A48558</sourceEntity>
<targetCardinalityString>*</targetCardinalityString>
<targetEntity>4F9D4001-AF5B-051C-F93D-123705EBFDF5</targetEntity>
<transferable>true</transferable>
<deleteRule>NO ACTION</deleteRule>
</Relation>