<?xml version = '1.0' encoding = 'UTF-8'?>
<Relation class="oracle.dbtools.crest.model.design.logical.Relation" name="medico_especialidad" directorySegmentName="seg_0" id="57BBB2B4-C499-4C45-97BC-0B5C46B74E8F">
<createdBy>Francis</createdBy>
<createdTime>2025-09-14 02:44:58 UTC</createdTime>
<ownerDesignName>Centro_medico</ownerDesignName>
<engineerTo>
<item key="9C34C6FD-ADA5-170C-4706-00DDB76A0574" value="true"/>
</engineerTo>
<sourcePk>81E8CF01-506E-0701-54ED-FC7A314FAB94</sourcePk>
<targetPk>009FEE4E-2DDC-922D-D85A-85EAADE120FD</targetPk>
<identifying>false</identifying>
<optionalSource>false</optionalSource>
<optionalTarget>false</optionalTarget>
<sourceCardinality>*</sourceCardinality>
<sourceEntity>49F5A783-AA61-304B-4936-62C12FA4ACF0</sourceEntity>
<targetCardinalityString>1</targetCardinalityString>
<targetEntity>5EA78BE5-8FB4-C737-CA9B-DEC4B6E8D177</targetEntity>
<transferable>true</transferable>
<deleteRule>NO ACTION</deleteRule>
</Relation>