<?xml version = '1.0' encoding = 'UTF-8'?>
<Relation class="oracle.dbtools.crest.model.design.logical.Relation" name="paciente_cita" directorySegmentName="seg_0" id="796E2199-E78D-C0CD-240F-BA438EC08552">
<createdBy>Francis</createdBy>
<createdTime>2025-09-14 02:41:29 UTC</createdTime>
<ownerDesignName>Centro_medico</ownerDesignName>
<engineerTo>
<item key="9C34C6FD-ADA5-170C-4706-00DDB76A0574" value="true"/>
</engineerTo>
<sourceTransferable>false</sourceTransferable>
<targetTransferable>false</targetTransferable>
<sourcePk>FA094EA8-23E8-298E-6BA0-AD09AC007C63</sourcePk>
<identifying>false</identifying>
<optionalSource>false</optionalSource>
<optionalTarget>true</optionalTarget>
<sourceCardinality>1</sourceCardinality>
<sourceEntity>4F9D4001-AF5B-051C-F93D-123705EBFDF5</sourceEntity>
<targetCardinalityString>*</targetCardinalityString>
<targetEntity>DB4606BE-0445-C09E-EBFB-815CE0831AA7</targetEntity>
<transferable>true</transferable>
<deleteRule>NO ACTION</deleteRule>
</Relation>