<?xml version = '1.0' encoding = 'UTF-8'?>
<Relation class="oracle.dbtools.crest.model.design.logical.Relation" name="cita_atencion" directorySegmentName="seg_0" id="84F43B2C-C61D-E63B-31E9-1685A4898628">
<createdBy>Francis</createdBy>
<createdTime>2025-09-14 02:41:44 UTC</createdTime>
<ownerDesignName>Centro_medico</ownerDesignName>
<engineerTo>
<item key="9C34C6FD-ADA5-170C-4706-00DDB76A0574" value="true"/>
</engineerTo>
<sourcePk>5EA72C64-F5ED-94D1-F655-0591CA70B663</sourcePk>
<targetPk>B118F865-E53D-838F-4B14-C9062A40CF2C</targetPk>
<identifying>false</identifying>
<optionalSource>false</optionalSource>
<optionalTarget>true</optionalTarget>
<sourceCardinality>1</sourceCardinality>
<sourceEntity>DB4606BE-0445-C09E-EBFB-815CE0831AA7</sourceEntity>
<targetCardinalityString>1</targetCardinalityString>
<targetEntity>41B289FA-E43A-0AB8-39E0-07B2CF63FB5B</targetEntity>
<transferable>true</transferable>
<deleteRule>NO ACTION</deleteRule>
</Relation>