<?xml version = '1.0' encoding = 'UTF-8'?>
<Relation class="oracle.dbtools.crest.model.design.logical.Relation" name="examen_preparacion" directorySegmentName="seg_0" id="963DB1DA-F7BB-1A81-4538-B207EF60B860">
<createdBy>Francis</createdBy>
<createdTime>2025-09-10 19:27:45 UTC</createdTime>
<ownerDesignName>Centro_medico</ownerDesignName>
<engineerTo>
<item key="9C34C6FD-ADA5-170C-4706-00DDB76A0574" value="true"/>
</engineerTo>
<sourcePk>2BB0C7F4-B809-4718-F749-6BA72115BF6C</sourcePk>
<identifying>false</identifying>
<optionalSource>false</optionalSource>
<optionalTarget>true</optionalTarget>
<sourceCardinality>1</sourceCardinality>
<sourceEntity>624C5F88-5299-2D44-6C13-CC7C7508DF94</sourceEntity>
<targetCardinalityString>*</targetCardinalityString>
<targetEntity>71DAB489-FBA8-FF50-5A19-2DED0D9AC26B</targetEntity>
<transferable>true</transferable>
<deleteRule>NO ACTION</deleteRule>
</Relation>