<?xml version = '1.0' encoding = 'UTF-8'?>
<Relation class="oracle.dbtools.crest.model.design.logical.Relation" name="atencion_derivacion" directorySegmentName="seg_0" id="AA7942C2-4179-9515-22D4-4FCFA66B04D8">
<createdBy>Francis</createdBy>
<createdTime>2025-09-14 02:33:31 UTC</createdTime>
<ownerDesignName>Centro_medico</ownerDesignName>
<engineerTo>
<item key="9C34C6FD-ADA5-170C-4706-00DDB76A0574" value="true"/>
</engineerTo>
<sourcePk>B118F865-E53D-838F-4B14-C9062A40CF2C</sourcePk>
<identifying>false</identifying>
<optionalSource>false</optionalSource>
<optionalTarget>true</optionalTarget>
<sourceCardinality>1</sourceCardinality>
<sourceEntity>41B289FA-E43A-0AB8-39E0-07B2CF63FB5B</sourceEntity>
<targetCardinalityString>*</targetCardinalityString>
<targetEntity>54582F60-6009-7C57-73E2-5EE862899A21</targetEntity>
<transferable>true</transferable>
<deleteRule>NO ACTION</deleteRule>
</Relation>