<?xml version = '1.0' encoding = 'UTF-8'?>
<Relation class="oracle.dbtools.crest.model.design.logical.Relation" name="examen_tipo_muestra" directorySegmentName="seg_0" id="B238FB1F-63CA-95F0-BE72-78D12CE69FAB">
<createdBy>Francis</createdBy>
<createdTime>2025-09-10 19:26:44 UTC</createdTime>
<ownerDesignName>Centro_medico</ownerDesignName>
<engineerTo>
<item key="9C34C6FD-ADA5-170C-4706-00DDB76A0574" value="true"/>
</engineerTo>
<sourcePk>2BB0C7F4-B809-4718-F749-6BA72115BF6C</sourcePk>
<targetPk>DFCB4F23-0700-030B-B8B1-30AC280C5943</targetPk>
<identifying>false</identifying>
<optionalSource>false</optionalSource>
<optionalTarget>false</optionalTarget>
<sourceCardinality>1</sourceCardinality>
<sourceEntity>624C5F88-5299-2D44-6C13-CC7C7508DF94</sourceEntity>
<targetCardinalityString>1</targetCardinalityString>
<targetEntity>EE3999D8-1AB8-0F8F-1FB5-BAEF51041BC0</targetEntity>
<transferable>true</transferable>
<deleteRule>NO ACTION</deleteRule>
</Relation>