<?xml version = '1.0' encoding = 'UTF-8'?>
<Relation class="oracle.dbtools.crest.model.design.logical.Relation" name="medico_afp" directorySegmentName="seg_0" id="CB978414-C216-0116-0122-162D0E68D999">
<createdBy>Francis</createdBy>
<createdTime>2025-09-10 18:26:55 UTC</createdTime>
<ownerDesignName>Centro_medico</ownerDesignName>
<engineerTo>
<item key="9C34C6FD-ADA5-170C-4706-00DDB76A0574" value="true"/>
</engineerTo>
<sourcePk>B6B4AA8F-0877-04E3-EDC9-8895B2D82310</sourcePk>
<identifying>false</identifying>
<optionalSource>false</optionalSource>
<optionalTarget>false</optionalTarget>
<sourceCardinality>1</sourceCardinality>
<sourceEntity>4A0D5A9F-2AE4-BC95-75A1-2CBA28A0E0F2</sourceEntity>
<targetCardinalityString>*</targetCardinalityString>
<targetEntity>49F5A783-AA61-304B-4936-62C12FA4ACF0</targetEntity>
<transferable>true</transferable>
<deleteRule>NO ACTION</deleteRule>
</Relation>