<?xml version = '1.0' encoding = 'UTF-8'?>
<Relation class="oracle.dbtools.crest.model.design.logical.Relation" name="TIPO_PACIENTE" directorySegmentName="seg_0" id="DBDE2E62-3D59-68B7-6897-E68D08603256">
<createdBy>Francis</createdBy>
<createdTime>2025-09-14 02:14:25 UTC</createdTime>
<ownerDesignName>Centro_medico</ownerDesignName>
<engineerTo>
<item key="9C34C6FD-ADA5-170C-4706-00DDB76A0574" value="true"/>
</engineerTo>
<sourcePk>3E448504-9B4F-B904-51CE-7FC626F3B2E7</sourcePk>
<identifying>false</identifying>
<optionalSource>true</optionalSource>
<optionalTarget>false</optionalTarget>
<sourceCardinality>1</sourceCardinality>
<sourceEntity>0F976251-CAE4-20D4-4F9E-39450A4131FE</sourceEntity>
<targetCardinalityString>*</targetCardinalityString>
<targetEntity>4F9D4001-AF5B-051C-F93D-123705EBFDF5</targetEntity>
<transferable>true</transferable>
<deleteRule>NO ACTION</deleteRule>
</Relation>