<?xml version = '1.0' encoding = 'UTF-8'?>
<Relation class="oracle.dbtools.crest.model.design.logical.Relation" name="salud_medico" directorySegmentName="seg_0" id="E0187B86-FC43-0E83-3836-27595B26CC4A">
<createdBy>Francis</createdBy>
<createdTime>2025-09-10 18:27:32 UTC</createdTime>
<ownerDesignName>Centro_medico</ownerDesignName>
<engineerTo>
<item key="9C34C6FD-ADA5-170C-4706-00DDB76A0574" value="true"/>
</engineerTo>
<sourcePk>DA3CEB11-2149-A800-130A-912CCE9F79DF</sourcePk>
<identifying>false</identifying>
<optionalSource>false</optionalSource>
<optionalTarget>false</optionalTarget>
<sourceCardinality>1</sourceCardinality>
<sourceEntity>94D7B33D-1A99-9749-340B-E6C5DFADCB2C</sourceEntity>
<targetCardinalityString>*</targetCardinalityString>
<targetEntity>49F5A783-AA61-304B-4936-62C12FA4ACF0</targetEntity>
<transferable>true</transferable>
<deleteRule>NO ACTION</deleteRule>
</Relation>