<?xml version = '1.0' encoding = 'UTF-8'?>
<Relation class="oracle.dbtools.crest.model.design.logical.Relation" name="paciente_sexo" directorySegmentName="seg_0" id="E4B7F3EB-76C5-CD9A-C45F-4D0F07DB6993">
<createdBy>Francis</createdBy>
<createdTime>2025-09-10 18:57:52 UTC</createdTime>
<ownerDesignName>Centro_medico</ownerDesignName>
<engineerTo>
<item key="9C34C6FD-ADA5-170C-4706-00DDB76A0574" value="true"/>
</engineerTo>
<sourcePk>FA094EA8-23E8-298E-6BA0-AD09AC007C63</sourcePk>
<targetPk>B6D67C1F-146C-2685-C367-F12D881CC62A</targetPk>
<identifying>false</identifying>
<optionalSource>false</optionalSource>
<optionalTarget>false</optionalTarget>
<sourceCardinality>1</sourceCardinality>
<sourceEntity>4F9D4001-AF5B-051C-F93D-123705EBFDF5</sourceEntity>
<targetCardinalityString>1</targetCardinalityString>
<targetEntity>639FDC72-3440-6452-F27C-247AAAFE9051</targetEntity>
<transferable>true</transferable>
<deleteRule>NO ACTION</deleteRule>
</Relation>