<?xml version = '1.0' encoding = 'UTF-8'?>
<Relation class="oracle.dbtools.crest.model.design.logical.Relation" name="TIPO_PAGO" directorySegmentName="seg_0" id="FA853C45-0842-0F2B-EA65-548CDE84C49C">
<createdBy>Francis</createdBy>
<createdTime>2025-09-10 18:30:27 UTC</createdTime>
<ownerDesignName>Centro_medico</ownerDesignName>
<engineerTo>
<item key="9C34C6FD-ADA5-170C-4706-00DDB76A0574" value="true"/>
</engineerTo>
<sourcePk>9FC8B1B9-DDE7-E77C-F8E6-CA0C3CCB4941</sourcePk>
<identifying>false</identifying>
<optionalSource>false</optionalSource>
<optionalTarget>false</optionalTarget>
<sourceCardinality>1</sourceCardinality>
<sourceEntity>750DA00E-7F2D-F7CB-D831-84EF954A6146</sourceEntity>
<targetCardinalityString>*</targetCardinalityString>
<targetEntity>D658C3F1-165B-1713-F52C-D850A00A1DFC</targetEntity>
<transferable>true</transferable>
<deleteRule>NO ACTION</deleteRule>
</Relation>