<?xml version = '1.0' encoding = 'UTF-8'?>
<Entity class="oracle.dbtools.crest.model.design.logical.Entity" directorySegmentName="seg_0" id="41B289FA-E43A-0AB8-39E0-07B2CF63FB5B" name="ATENCION">
<createdBy>Francis</createdBy>
<createdTime>2025-09-10 18:12:13 UTC</createdTime>
<ownerDesignName>Centro_medico</ownerDesignName>
<engineerTo>
<item key="9C34C6FD-ADA5-170C-4706-00DDB76A0574" value="true"/>
</engineerTo>
<adequatelyNormalized>NO</adequatelyNormalized>
<expectedVolumes>0</expectedVolumes>
<fwdEngineeringStrategyName>Single Table</fwdEngineeringStrategyName>
<growthPercent>0</growthPercent>
<growthType>Year</growthType>
<maxVolumes>9999999</maxVolumes>
<minVolumes>0</minVolumes>
<normalForm>Third</normalForm>
<attributes itemClass="oracle.dbtools.crest.model.design.logical.Attribute">
<Attribute name="id_atencion" id="9886CE7B-C26A-E143-C690-2217EC2CE238">
<createdBy>Francis</createdBy>
<createdTime>2025-09-10 18:13:13 UTC</createdTime>
<ownerDesignName>Centro_medico</ownerDesignName>
<engineerTo>
<item key="9C34C6FD-ADA5-170C-4706-00DDB76A0574" value="true"/>
</engineerTo>
<useDomainConstraints>false</useDomainConstraints>
<use>1</use>
<logicalDatatype>LOGDT019</logicalDatatype>
<dataTypePrecision>10</dataTypePrecision>
<ownDataTypeParameters>,10,</ownDataTypeParameters>
</Attribute>
<Attribute name="diagnostico" id="306BAE22-9521-1606-EDB0-C9A4BA0E3B72">
<createdBy>Francis</createdBy>
<createdTime>2025-09-10 19:17:09 UTC</createdTime>
<ownerDesignName>Centro_medico</ownerDesignName>
<engineerTo>
<item key="9C34C6FD-ADA5-170C-4706-00DDB76A0574" value="true"/>
</engineerTo>
<useDomainConstraints>false</useDomainConstraints>
<use>1</use>
<logicalDatatype>LOGDT024</logicalDatatype>
<dataTypeSize>100</dataTypeSize>
<ownDataTypeParameters>100,,</ownDataTypeParameters>
</Attribute>
<Attribute name="id_medico" id="CE49E1C6-BB73-1E90-EAD1-C4790FF83BEC">
<createdBy>Francis</createdBy>
<createdTime>2025-09-10 18:34:35 UTC</createdTime>
<generatorID>171B04BE-61B8-CA08-157B-3702B823B96D</generatorID>
<ownerDesignName>Centro_medico</ownerDesignName>
<engineerTo>
<item key="9C34C6FD-ADA5-170C-4706-00DDB76A0574" value="true"/>
</engineerTo>
<referedAttribute>374B34A6-979B-72F4-5972-0AF84CA4E44E</referedAttribute>
<useDomainConstraints>false</useDomainConstraints>
<use>1</use>
<logicalDatatype>LOGDT019</logicalDatatype>
<dataTypePrecision>30</dataTypePrecision>
<ownDataTypeParameters>,,</ownDataTypeParameters>
</Attribute>
<Attribute name="id_tipo_atencion" id="C3FB8C64-FAA0-EF53-7597-4C1B8727A816">
<createdBy>Francis</createdBy>
<createdTime>2025-09-10 18:47:04 UTC</createdTime>
<generatorID>248D7501-E881-C9BD-C6F0-CAFD61C51271</generatorID>
<ownerDesignName>Centro_medico</ownerDesignName>
<engineerTo>
<item key="9C34C6FD-ADA5-170C-4706-00DDB76A0574" value="true"/>
</engineerTo>
<referedAttribute>E2CD977D-D738-8C33-8C91-5EECC7798066</referedAttribute>
<useDomainConstraints>false</useDomainConstraints>
<use>1</use>
<logicalDatatype>LOGDT019</logicalDatatype>
<dataTypePrecision>10</dataTypePrecision>
<ownDataTypeParameters>,,</ownDataTypeParameters>
</Attribute>
<Attribute name="id_pago" id="69B69834-B256-E6F7-1003-EF96D1EFA75D">
<createdBy>Francis</createdBy>
<createdTime>2025-09-10 18:47:45 UTC</createdTime>
<generatorID>2F43B87D-4B52-64C3-9FBD-95B53C1F0082</generatorID>
<ownerDesignName>Centro_medico</ownerDesignName>
<engineerTo>
<item key="9C34C6FD-ADA5-170C-4706-00DDB76A0574" value="true"/>
</engineerTo>
<referedAttribute>5DB1395F-BFBD-712E-1B7A-FE9FDFFF43B9</referedAttribute>
<useDomainConstraints>false</useDomainConstraints>
<use>1</use>
<logicalDatatype>LOGDT019</logicalDatatype>
<dataTypePrecision>10</dataTypePrecision>
<ownDataTypeParameters>,,</ownDataTypeParameters>
</Attribute>
</attributes>
<identifiers itemClass="oracle.dbtools.crest.model.design.logical.CandidateKey">
<identifier id="B118F865-E53D-838F-4B14-C9062A40CF2C" name="ATENCION PK">
<createdBy>Francis</createdBy>
<createdTime>2025-09-10 18:13:56 UTC</createdTime>
<ownerDesignName>Centro_medico</ownerDesignName>
<engineerTo>
<item key="9C34C6FD-ADA5-170C-4706-00DDB76A0574" value="true"/>
</engineerTo>
<pk>true</pk>
<usedAttributes>
<attributeRef>9886CE7B-C26A-E143-C690-2217EC2CE238</attributeRef>
</usedAttributes>
</identifier>
</identifiers>
</Entity>