<?xml version = '1.0' encoding = 'UTF-8'?>
<Entity class="oracle.dbtools.crest.model.design.logical.Entity" directorySegmentName="seg_0" id="49F5A783-AA61-304B-4936-62C12FA4ACF0" name="MEDICO">
<createdBy>Francis</createdBy>
<createdTime>2025-09-10 18:25:27 UTC</createdTime>
<ownerDesignName>Centro_medico</ownerDesignName>
<engineerTo>
<item key="9C34C6FD-ADA5-170C-4706-00DDB76A0574" value="true"/>
</engineerTo>
<adequatelyNormalized>NO</adequatelyNormalized>
<expectedVolumes>0</expectedVolumes>
<fwdEngineeringStrategyName>Single Table</fwdEngineeringStrategyName>
<growthPercent>0</growthPercent>
<growthType>Year</growthType>
<maxVolumes>9999999</maxVolumes>
<minVolumes>0</minVolumes>
<normalForm>Third</normalForm>
<attributes itemClass="oracle.dbtools.crest.model.design.logical.Attribute">
<Attribute name="id_medico" id="374B34A6-979B-72F4-5972-0AF84CA4E44E">
<createdBy>Francis</createdBy>
<createdTime>2025-09-10 18:34:19 UTC</createdTime>
<ownerDesignName>Centro_medico</ownerDesignName>
<engineerTo>
<item key="9C34C6FD-ADA5-170C-4706-00DDB76A0574" value="true"/>
</engineerTo>
<useDomainConstraints>false</useDomainConstraints>
<use>1</use>
<logicalDatatype>LOGDT019</logicalDatatype>
<dataTypePrecision>30</dataTypePrecision>
<ownDataTypeParameters>,30,</ownDataTypeParameters>
</Attribute>
<Attribute name="rut" id="38D4B38D-CA21-4F3E-CBB8-83D378E06DE4">
<createdBy>Francis</createdBy>
<createdTime>2025-09-10 18:34:36 UTC</createdTime>
<ownerDesignName>Centro_medico</ownerDesignName>
<engineerTo>
<item key="9C34C6FD-ADA5-170C-4706-00DDB76A0574" value="true"/>
</engineerTo>
<useDomainConstraints>false</useDomainConstraints>
<use>1</use>
<logicalDatatype>LOGDT024</logicalDatatype>
<dataTypeSize>10</dataTypeSize>
<ownDataTypeParameters>10,,</ownDataTypeParameters>
</Attribute>
<Attribute name="nombre" id="B6122AFA-339B-07E9-EC83-D260079FD11B">
<createdBy>Francis</createdBy>
<createdTime>2025-09-10 18:35:06 UTC</createdTime>
<ownerDesignName>Centro_medico</ownerDesignName>
<engineerTo>
<item key="9C34C6FD-ADA5-170C-4706-00DDB76A0574" value="true"/>
</engineerTo>
<useDomainConstraints>false</useDomainConstraints>
<use>1</use>
<logicalDatatype>LOGDT024</logicalDatatype>
<dataTypeSize>50</dataTypeSize>
<ownDataTypeParameters>50,,</ownDataTypeParameters>
</Attribute>
<Attribute name="fecha_ingreso" id="EDA590BF-DC79-FA8A-F3D7-74136067901A">
<createdBy>Francis</createdBy>
<createdTime>2025-09-10 18:35:22 UTC</createdTime>
<ownerDesignName>Centro_medico</ownerDesignName>
<engineerTo>
<item key="9C34C6FD-ADA5-170C-4706-00DDB76A0574" value="true"/>
</engineerTo>
<useDomainConstraints>false</useDomainConstraints>
<use>1</use>
<logicalDatatype>LOGDT007</logicalDatatype>
<ownDataTypeParameters>,,</ownDataTypeParameters>
</Attribute>
<Attribute name="id_afp" id="472F4312-2DA0-37C2-5330-75CCA02D98A6">
<createdBy>Francis</createdBy>
<createdTime>2025-09-10 18:36:15 UTC</createdTime>
<generatorID>CB978414-C216-0116-0122-162D0E68D999</generatorID>
<ownerDesignName>Centro_medico</ownerDesignName>
<engineerTo>
<item key="9C34C6FD-ADA5-170C-4706-00DDB76A0574" value="true"/>
</engineerTo>
<referedAttribute>3004088D-58F5-676E-5E52-09AEC69DBAFC</referedAttribute>
<useDomainConstraints>false</useDomainConstraints>
<use>1</use>
<logicalDatatype>LOGDT019</logicalDatatype>
<dataTypePrecision>30</dataTypePrecision>
<ownDataTypeParameters>,30,</ownDataTypeParameters>
</Attribute>
<Attribute name="id_salud" id="00EDF68C-6F33-DEDD-3D77-DC0E1CA7579B">
<createdBy>Francis</createdBy>
<createdTime>2025-09-10 18:37:07 UTC</createdTime>
<generatorID>E0187B86-FC43-0E83-3836-27595B26CC4A</generatorID>
<ownerDesignName>Centro_medico</ownerDesignName>
<engineerTo>
<item key="9C34C6FD-ADA5-170C-4706-00DDB76A0574" value="true"/>
</engineerTo>
<referedAttribute>1DCA1D55-C0E6-34D4-B283-781747BF43BF</referedAttribute>
<useDomainConstraints>false</useDomainConstraints>
<use>1</use>
<logicalDatatype>LOGDT019</logicalDatatype>
<dataTypePrecision>30</dataTypePrecision>
<ownDataTypeParameters>,30,</ownDataTypeParameters>
</Attribute>
<Attribute name="id_especialidad" id="65B065EE-B871-BF88-F3A3-17250714D9AB">
<createdBy>Francis</createdBy>
<createdTime>2025-09-14 02:58:01 UTC</createdTime>
<generatorID>57BBB2B4-C499-4C45-97BC-0B5C46B74E8F</generatorID>
<ownerDesignName>Centro_medico</ownerDesignName>
<engineerTo>
<item key="9C34C6FD-ADA5-170C-4706-00DDB76A0574" value="true"/>
</engineerTo>
<referedAttribute>0CD84C11-3E86-A0AA-F7A2-831DA054F980</referedAttribute>
<useDomainConstraints>false</useDomainConstraints>
<use>1</use>
<logicalDatatype>LOGDT019</logicalDatatype>
<dataTypePrecision>10</dataTypePrecision>
<ownDataTypeParameters>,,</ownDataTypeParameters>
</Attribute>
</attributes>
<identifiers itemClass="oracle.dbtools.crest.model.design.logical.CandidateKey">
<identifier id="81E8CF01-506E-0701-54ED-FC7A314FAB94" name="MEDICO PK">
<createdBy>Francis</createdBy>
<createdTime>2025-09-10 18:34:34 UTC</createdTime>
<ownerDesignName>Centro_medico</ownerDesignName>
<engineerTo>
<item key="9C34C6FD-ADA5-170C-4706-00DDB76A0574" value="true"/>
</engineerTo>
<pk>true</pk>
<usedAttributes>
<attributeRef>374B34A6-979B-72F4-5972-0AF84CA4E44E</attributeRef>
</usedAttributes>
</identifier>
</identifiers>
</Entity>