<?xml version = '1.0' encoding = 'UTF-8'?>
<Entity class="oracle.dbtools.crest.model.design.logical.Entity" directorySegmentName="seg_0" id="4F9D4001-AF5B-051C-F93D-123705EBFDF5" name="PACIENTE">
<createdBy>Francis</createdBy>
<createdTime>2025-09-10 18:17:38 UTC</createdTime>
<ownerDesignName>Centro_medico</ownerDesignName>
<engineerTo>
<item key="9C34C6FD-ADA5-170C-4706-00DDB76A0574" value="true"/>
</engineerTo>
<adequatelyNormalized>NO</adequatelyNormalized>
<expectedVolumes>0</expectedVolumes>
<fwdEngineeringStrategyName>Single Table</fwdEngineeringStrategyName>
<growthPercent>0</growthPercent>
<growthType>Year</growthType>
<maxVolumes>9999999</maxVolumes>
<minVolumes>0</minVolumes>
<normalForm>Third</normalForm>
<attributes itemClass="oracle.dbtools.crest.model.design.logical.Attribute">
<Attribute name="rut" id="24F7EBA1-BAF3-5335-D901-26EE00DBB4FA">
<createdBy>Francis</createdBy>
<createdTime>2025-09-10 18:20:18 UTC</createdTime>
<ownerDesignName>Centro_medico</ownerDesignName>
<engineerTo>
<item key="9C34C6FD-ADA5-170C-4706-00DDB76A0574" value="true"/>
</engineerTo>
<useDomainConstraints>false</useDomainConstraints>
<use>1</use>
<logicalDatatype>LOGDT024</logicalDatatype>
<dataTypeSize>10</dataTypeSize>
<ownDataTypeParameters>10,,</ownDataTypeParameters>
</Attribute>
<Attribute name="nombre" id="78EA9FCE-9136-FA02-50A5-4FE488CE092F">
<createdBy>Francis</createdBy>
<createdTime>2025-09-10 18:19:38 UTC</createdTime>
<ownerDesignName>Centro_medico</ownerDesignName>
<engineerTo>
<item key="9C34C6FD-ADA5-170C-4706-00DDB76A0574" value="true"/>
</engineerTo>
<useDomainConstraints>false</useDomainConstraints>
<use>1</use>
<logicalDatatype>LOGDT024</logicalDatatype>
<dataTypeSize>50</dataTypeSize>
<ownDataTypeParameters>50,,</ownDataTypeParameters>
</Attribute>
<Attribute name="fecha_nac" id="E9D4F199-413D-1B3F-18D9-557A1B7E71E7">
<createdBy>Francis</createdBy>
<createdTime>2025-09-10 18:21:13 UTC</createdTime>
<ownerDesignName>Centro_medico</ownerDesignName>
<engineerTo>
<item key="9C34C6FD-ADA5-170C-4706-00DDB76A0574" value="true"/>
</engineerTo>
<useDomainConstraints>false</useDomainConstraints>
<use>1</use>
<logicalDatatype>LOGDT007</logicalDatatype>
<ownDataTypeParameters>,,</ownDataTypeParameters>
</Attribute>
<Attribute name="id_comuna" id="996E2A60-BDDB-BEE0-0770-25CA365A8C91">
<createdBy>Francis</createdBy>
<createdTime>2025-09-10 18:39:25 UTC</createdTime>
<generatorID>3EC7637A-32AA-9EDF-FBE0-BF54B64F4501</generatorID>
<ownerDesignName>Centro_medico</ownerDesignName>
<engineerTo>
<item key="9C34C6FD-ADA5-170C-4706-00DDB76A0574" value="true"/>
</engineerTo>
<referedAttribute>4C90F7F5-2AF5-30D8-A1EC-DD20BDF35C8E</referedAttribute>
<useDomainConstraints>false</useDomainConstraints>
<use>1</use>
<logicalDatatype>LOGDT019</logicalDatatype>
<dataTypePrecision>10</dataTypePrecision>
<ownDataTypeParameters>,,</ownDataTypeParameters>
</Attribute>
<Attribute name="id_sexo1" id="9C27524F-0362-E63E-5865-183AAF5CD0C3">
<createdBy>Francis</createdBy>
<createdTime>2025-09-10 18:57:55 UTC</createdTime>
<generatorID>E4B7F3EB-76C5-CD9A-C45F-4D0F07DB6993</generatorID>
<ownerDesignName>Centro_medico</ownerDesignName>
<engineerTo>
<item key="9C34C6FD-ADA5-170C-4706-00DDB76A0574" value="true"/>
</engineerTo>
<referedAttribute>1C3AE78C-D593-0211-42F9-B63921343A77</referedAttribute>
<useDomainConstraints>false</useDomainConstraints>
<use>1</use>
<logicalDatatype>LOGDT019</logicalDatatype>
<dataTypePrecision>20</dataTypePrecision>
<ownDataTypeParameters>,,</ownDataTypeParameters>
</Attribute>
<Attribute name="contacto_telefono" id="B89F838B-B956-6090-FB74-E30527054B99">
<createdBy>Francis</createdBy>
<createdTime>2025-09-10 19:19:26 UTC</createdTime>
<ownerDesignName>Centro_medico</ownerDesignName>
<engineerTo>
<item key="9C34C6FD-ADA5-170C-4706-00DDB76A0574" value="true"/>
</engineerTo>
<useDomainConstraints>false</useDomainConstraints>
<use>1</use>
<logicalDatatype>LOGDT019</logicalDatatype>
<dataTypePrecision>20</dataTypePrecision>
<ownDataTypeParameters>,20,</ownDataTypeParameters>
</Attribute>
<Attribute name="correo" id="AF49B186-4E86-3708-9D9B-8C53F0B4E3D1">
<createdBy>Francis</createdBy>
<createdTime>2025-09-10 19:20:01 UTC</createdTime>
<ownerDesignName>Centro_medico</ownerDesignName>
<engineerTo>
<item key="9C34C6FD-ADA5-170C-4706-00DDB76A0574" value="true"/>
</engineerTo>
<nullsAllowed>true</nullsAllowed>
<useDomainConstraints>false</useDomainConstraints>
<use>1</use>
<logicalDatatype>LOGDT024</logicalDatatype>
<dataTypeSize>60</dataTypeSize>
<ownDataTypeParameters>60,,</ownDataTypeParameters>
</Attribute>
<Attribute name="id_tipo_usuario" id="AE257401-A8E9-D1F2-3D2E-03D4CE3465A4">
<createdBy>Francis</createdBy>
<createdTime>2025-09-14 02:14:25 UTC</createdTime>
<generatorID>DBDE2E62-3D59-68B7-6897-E68D08603256</generatorID>
<ownerDesignName>Centro_medico</ownerDesignName>
<engineerTo>
<item key="9C34C6FD-ADA5-170C-4706-00DDB76A0574" value="true"/>
</engineerTo>
<referedAttribute>775D5E2E-F60F-57F8-D73A-7AA4C9531F67</referedAttribute>
<useDomainConstraints>false</useDomainConstraints>
<use>1</use>
<logicalDatatype>LOGDT019</logicalDatatype>
<ownDataTypeParameters>,,</ownDataTypeParameters>
</Attribute>
</attributes>
<identifiers itemClass="oracle.dbtools.crest.model.design.logical.CandidateKey">
<identifier id="FA094EA8-23E8-298E-6BA0-AD09AC007C63" name="PACIENTE PK">
<createdBy>Francis</createdBy>
<createdTime>2025-09-10 18:20:40 UTC</createdTime>
<ownerDesignName>Centro_medico</ownerDesignName>
<engineerTo>
<item key="9C34C6FD-ADA5-170C-4706-00DDB76A0574" value="true"/>
</engineerTo>
<pk>true</pk>
<usedAttributes>
<attributeRef>24F7EBA1-BAF3-5335-D901-26EE00DBB4FA</attributeRef>
</usedAttributes>
</identifier>
</identifiers>
</Entity>