<?xml version = '1.0' encoding = 'UTF-8'?>
<Entity class="oracle.dbtools.crest.model.design.logical.Entity" directorySegmentName="seg_0" id="71DAB489-FBA8-FF50-5A19-2DED0D9AC26B" name="PREPARACION">
<createdBy>Francis</createdBy>
<createdTime>2025-09-10 19:25:27 UTC</createdTime>
<ownerDesignName>Centro_medico</ownerDesignName>
<engineerTo>
<item key="9C34C6FD-ADA5-170C-4706-00DDB76A0574" value="true"/>
</engineerTo>
<adequatelyNormalized>NO</adequatelyNormalized>
<expectedVolumes>0</expectedVolumes>
<fwdEngineeringStrategyName>Single Table</fwdEngineeringStrategyName>
<growthPercent>0</growthPercent>
<growthType>Year</growthType>
<maxVolumes>9999999</maxVolumes>
<minVolumes>0</minVolumes>
<normalForm>Third</normalForm>
<attributes itemClass="oracle.dbtools.crest.model.design.logical.Attribute">
<Attribute name="id_preparacion" id="1569380D-8D23-555E-10FE-28A4A35FE150">
<createdBy>Francis</createdBy>
<createdTime>2025-09-10 19:25:35 UTC</createdTime>
<ownerDesignName>Centro_medico</ownerDesignName>
<engineerTo>
<item key="9C34C6FD-ADA5-170C-4706-00DDB76A0574" value="true"/>
</engineerTo>
<useDomainConstraints>false</useDomainConstraints>
<use>1</use>
<logicalDatatype>LOGDT019</logicalDatatype>
<dataTypePrecision>30</dataTypePrecision>
<ownDataTypeParameters>,30,</ownDataTypeParameters>
</Attribute>
<Attribute name="nombre" id="42BEF25D-564B-6733-8FDE-E7F43FE2A83C">
<createdBy>Francis</createdBy>
<createdTime>2025-09-10 19:25:58 UTC</createdTime>
<ownerDesignName>Centro_medico</ownerDesignName>
<engineerTo>
<item key="9C34C6FD-ADA5-170C-4706-00DDB76A0574" value="true"/>
</engineerTo>
<useDomainConstraints>false</useDomainConstraints>
<use>1</use>
<logicalDatatype>LOGDT024</logicalDatatype>
<dataTypeSize>50</dataTypeSize>
<ownDataTypeParameters>50,,</ownDataTypeParameters>
</Attribute>
<Attribute name="id_examen" id="180758A5-63FC-D1AA-28BD-B41BEC3E0AA5">
<createdBy>Francis</createdBy>
<createdTime>2025-09-10 19:27:45 UTC</createdTime>
<generatorID>963DB1DA-F7BB-1A81-4538-B207EF60B860</generatorID>
<ownerDesignName>Centro_medico</ownerDesignName>
<engineerTo>
<item key="9C34C6FD-ADA5-170C-4706-00DDB76A0574" value="true"/>
</engineerTo>
<nullsAllowed>true</nullsAllowed>
<referedAttribute>EB48AD0E-8FF9-B480-3C9A-434538C1649C</referedAttribute>
<useDomainConstraints>false</useDomainConstraints>
<use>1</use>
<logicalDatatype>LOGDT019</logicalDatatype>
<dataTypePrecision>30</dataTypePrecision>
<ownDataTypeParameters>,,</ownDataTypeParameters>
</Attribute>
</attributes>
<identifiers itemClass="oracle.dbtools.crest.model.design.logical.CandidateKey">
<identifier id="79CE9C02-8616-5020-237E-9CDE54585005" name="PREPARACION PK">
<createdBy>Francis</createdBy>
<createdTime>2025-09-10 19:25:53 UTC</createdTime>
<ownerDesignName>Centro_medico</ownerDesignName>
<engineerTo>
<item key="9C34C6FD-ADA5-170C-4706-00DDB76A0574" value="true"/>
</engineerTo>
<pk>true</pk>
<usedAttributes>
<attributeRef>1569380D-8D23-555E-10FE-28A4A35FE150</attributeRef>
</usedAttributes>
</identifier>
</identifiers>
</Entity>