<?xml version = '1.0' encoding = 'UTF-8'?>
<Entity class="oracle.dbtools.crest.model.design.logical.Entity" directorySegmentName="seg_0" id="AB40DCC7-AB46-DF34-1B9B-BF53F8674644" name="ESTADO_CITA">
<createdBy>Francis</createdBy>
<createdTime>2025-09-14 02:43:05 UTC</createdTime>
<ownerDesignName>Centro_medico</ownerDesignName>
<engineerTo>
<item key="9C34C6FD-ADA5-170C-4706-00DDB76A0574" value="true"/>
</engineerTo>
<adequatelyNormalized>NO</adequatelyNormalized>
<expectedVolumes>0</expectedVolumes>
<fwdEngineeringStrategyName>Single Table</fwdEngineeringStrategyName>
<growthPercent>0</growthPercent>
<growthType>Year</growthType>
<maxVolumes>9999999</maxVolumes>
<minVolumes>0</minVolumes>
<normalForm>Third</normalForm>
<attributes itemClass="oracle.dbtools.crest.model.design.logical.Attribute">
<Attribute name="descripcion" id="459A6903-705C-FCF2-9540-8D694E30D9D2">
<createdBy>Francis</createdBy>
<createdTime>2025-09-14 02:43:13 UTC</createdTime>
<comment><![CDATA[confirmada, anulada ]]></comment>
<ownerDesignName>Centro_medico</ownerDesignName>
<engineerTo>
<item key="9C34C6FD-ADA5-170C-4706-00DDB76A0574" value="true"/>
</engineerTo>
<useDomainConstraints>false</useDomainConstraints>
<use>1</use>
<logicalDatatype>LOGDT024</logicalDatatype>
<dataTypeSize>30</dataTypeSize>
<ownDataTypeParameters>30,,</ownDataTypeParameters>
</Attribute>
<Attribute name="id_cita" id="84F921B4-3E6F-19EF-587E-5EC01E42D248">
<createdBy>Francis</createdBy>
<createdTime>2025-09-14 02:43:49 UTC</createdTime>
<generatorID>1F34DD26-B828-3739-BC31-7645FD5FCECA</generatorID>
<ownerDesignName>Centro_medico</ownerDesignName>
<engineerTo>
<item key="9C34C6FD-ADA5-170C-4706-00DDB76A0574" value="true"/>
</engineerTo>
<referedAttribute>1A3B0A5C-C456-8142-1774-6417697D4D21</referedAttribute>
<useDomainConstraints>false</useDomainConstraints>
<use>1</use>
<logicalDatatype>LOGDT019</logicalDatatype>
<dataTypePrecision>30</dataTypePrecision>
<ownDataTypeParameters>,,</ownDataTypeParameters>
</Attribute>
</attributes>
<identifiers itemClass="oracle.dbtools.crest.model.design.logical.CandidateKey">
<identifier id="5707925A-C3A7-2C7B-6934-6C0D4B440611" name="ESTADO_CITA PK">
<createdBy>Francis</createdBy>
<createdTime>2025-09-14 02:43:56 UTC</createdTime>
<ownerDesignName>Centro_medico</ownerDesignName>
<engineerTo>
<item key="9C34C6FD-ADA5-170C-4706-00DDB76A0574" value="true"/>
</engineerTo>
<pk>true</pk>
<usedAttributes>
<attributeRef>84F921B4-3E6F-19EF-587E-5EC01E42D248</attributeRef>
</usedAttributes>
</identifier>
</identifiers>
</Entity>