<?xml version = '1.0' encoding = 'UTF-8'?>
<Entity class="oracle.dbtools.crest.model.design.logical.Entity" directorySegmentName="seg_0" id="C8AD4BE0-0F9F-ED33-51D1-38CDBB23CBA2" name="SOLICITUD_EXAMEN">
<createdBy>Francis</createdBy>
<createdTime>2025-09-10 18:26:14 UTC</createdTime>
<ownerDesignName>Centro_medico</ownerDesignName>
<engineerTo>
<item key="9C34C6FD-ADA5-170C-4706-00DDB76A0574" value="true"/>
</engineerTo>
<adequatelyNormalized>NO</adequatelyNormalized>
<expectedVolumes>0</expectedVolumes>
<fwdEngineeringStrategyName>Single Table</fwdEngineeringStrategyName>
<growthPercent>0</growthPercent>
<growthType>Year</growthType>
<maxVolumes>9999999</maxVolumes>
<minVolumes>0</minVolumes>
<normalForm>Third</normalForm>
<attributes itemClass="oracle.dbtools.crest.model.design.logical.Attribute">
<Attribute name="id_examen" id="115BFF6B-34C1-CD7B-E247-88F990D74CA4">
<createdBy>Francis</createdBy>
<createdTime>2025-09-10 19:30:18 UTC</createdTime>
<generatorID>332C8A06-1EF3-B3CE-D295-A4F1CFD5CC75</generatorID>
<ownerDesignName>Centro_medico</ownerDesignName>
<engineerTo>
<item key="9C34C6FD-ADA5-170C-4706-00DDB76A0574" value="true"/>
</engineerTo>
<referedAttribute>EB48AD0E-8FF9-B480-3C9A-434538C1649C</referedAttribute>
<useDomainConstraints>false</useDomainConstraints>
<use>1</use>
<logicalDatatype>LOGDT019</logicalDatatype>
<dataTypePrecision>30</dataTypePrecision>
<ownDataTypeParameters>,30,</ownDataTypeParameters>
</Attribute>
<Attribute name="id_solicitud" id="5E7EB2F8-3041-7167-0CD1-2A8B62D1CE5F">
<createdBy>Francis</createdBy>
<createdTime>2025-09-10 19:31:22 UTC</createdTime>
<ownerDesignName>Centro_medico</ownerDesignName>
<engineerTo>
<item key="9C34C6FD-ADA5-170C-4706-00DDB76A0574" value="true"/>
</engineerTo>
<useDomainConstraints>false</useDomainConstraints>
<use>1</use>
<logicalDatatype>LOGDT019</logicalDatatype>
<dataTypePrecision>30</dataTypePrecision>
<ownDataTypeParameters>,30,</ownDataTypeParameters>
</Attribute>
<Attribute name="descripcion" id="FAAA382E-06D8-5BF4-C456-1CD50840ACCF">
<createdBy>Francis</createdBy>
<createdTime>2025-09-10 19:31:47 UTC</createdTime>
<ownerDesignName>Centro_medico</ownerDesignName>
<engineerTo>
<item key="9C34C6FD-ADA5-170C-4706-00DDB76A0574" value="true"/>
</engineerTo>
<useDomainConstraints>false</useDomainConstraints>
<use>1</use>
<logicalDatatype>LOGDT024</logicalDatatype>
<dataTypeSize>100</dataTypeSize>
<ownDataTypeParameters>100,,</ownDataTypeParameters>
</Attribute>
<Attribute name="id_atencion" id="B996E5BE-1922-89C3-E30E-54F8E2703B40">
<createdBy>Francis</createdBy>
<createdTime>2025-09-14 02:33:16 UTC</createdTime>
<generatorID>BC41C9D2-E326-6096-BDEC-24264F5B72C8</generatorID>
<ownerDesignName>Centro_medico</ownerDesignName>
<engineerTo>
<item key="9C34C6FD-ADA5-170C-4706-00DDB76A0574" value="true"/>
</engineerTo>
<nullsAllowed>true</nullsAllowed>
<referedAttribute>9886CE7B-C26A-E143-C690-2217EC2CE238</referedAttribute>
<useDomainConstraints>false</useDomainConstraints>
<use>1</use>
<logicalDatatype>LOGDT019</logicalDatatype>
<dataTypePrecision>10</dataTypePrecision>
<ownDataTypeParameters>,,</ownDataTypeParameters>
</Attribute>
</attributes>
<identifiers itemClass="oracle.dbtools.crest.model.design.logical.CandidateKey">
<identifier id="04E8CD13-4CF5-24D8-5608-ED11FC6858F8" name="SOLICITUD_EXAMEN PK">
<createdBy>Francis</createdBy>
<createdTime>2025-09-10 19:31:36 UTC</createdTime>
<ownerDesignName>Centro_medico</ownerDesignName>
<engineerTo>
<item key="9C34C6FD-ADA5-170C-4706-00DDB76A0574" value="true"/>
</engineerTo>
<pk>true</pk>
<usedAttributes>
<attributeRef>5E7EB2F8-3041-7167-0CD1-2A8B62D1CE5F</attributeRef>
</usedAttributes>
</identifier>
</identifiers>
</Entity>