<?xml version = '1.0' encoding = 'UTF-8'?>
<Entity class="oracle.dbtools.crest.model.design.logical.Entity" directorySegmentName="seg_0" id="DB4606BE-0445-C09E-EBFB-815CE0831AA7" name="CITA">
<createdBy>Francis</createdBy>
<createdTime>2025-09-14 02:41:22 UTC</createdTime>
<ownerDesignName>Centro_medico</ownerDesignName>
<engineerTo>
<item key="9C34C6FD-ADA5-170C-4706-00DDB76A0574" value="true"/>
</engineerTo>
<adequatelyNormalized>NO</adequatelyNormalized>
<expectedVolumes>0</expectedVolumes>
<fwdEngineeringStrategyName>Single Table</fwdEngineeringStrategyName>
<growthPercent>0</growthPercent>
<growthType>Year</growthType>
<maxVolumes>9999999</maxVolumes>
<minVolumes>0</minVolumes>
<normalForm>Third</normalForm>
<attributes itemClass="oracle.dbtools.crest.model.design.logical.Attribute">
<Attribute name="rut" id="ACD47A69-1B53-2D54-9A46-5FE29A082B90">
<createdBy>Francis</createdBy>
<createdTime>2025-09-14 02:41:29 UTC</createdTime>
<generatorID>796E2199-E78D-C0CD-240F-BA438EC08552</generatorID>
<ownerDesignName>Centro_medico</ownerDesignName>
<engineerTo>
<item key="9C34C6FD-ADA5-170C-4706-00DDB76A0574" value="true"/>
</engineerTo>
<nullsAllowed>true</nullsAllowed>
<referedAttribute>24F7EBA1-BAF3-5335-D901-26EE00DBB4FA</referedAttribute>
<useDomainConstraints>false</useDomainConstraints>
<use>1</use>
<logicalDatatype>LOGDT024</logicalDatatype>
<dataTypeSize>10</dataTypeSize>
<ownDataTypeParameters>,,</ownDataTypeParameters>
</Attribute>
<Attribute name="id_cita" id="1A3B0A5C-C456-8142-1774-6417697D4D21">
<createdBy>Francis</createdBy>
<createdTime>2025-09-14 02:41:52 UTC</createdTime>
<ownerDesignName>Centro_medico</ownerDesignName>
<engineerTo>
<item key="9C34C6FD-ADA5-170C-4706-00DDB76A0574" value="true"/>
</engineerTo>
<useDomainConstraints>false</useDomainConstraints>
<use>1</use>
<logicalDatatype>LOGDT019</logicalDatatype>
<dataTypePrecision>30</dataTypePrecision>
<ownDataTypeParameters>,30,</ownDataTypeParameters>
</Attribute>
<Attribute name="fecha_cita" id="C2149100-A1B0-B265-FDD1-31C1DA8A0308">
<createdBy>Francis</createdBy>
<createdTime>2025-09-14 02:42:18 UTC</createdTime>
<ownerDesignName>Centro_medico</ownerDesignName>
<engineerTo>
<item key="9C34C6FD-ADA5-170C-4706-00DDB76A0574" value="true"/>
</engineerTo>
<useDomainConstraints>false</useDomainConstraints>
<use>1</use>
<logicalDatatype>LOGDT007</logicalDatatype>
<ownDataTypeParameters>,,</ownDataTypeParameters>
</Attribute>
<Attribute name="id_cita1" id="EBCA875A-D68E-6539-6287-E1E9613AAF7F">
<createdBy>Francis</createdBy>
<createdTime>2025-09-14 02:52:23 UTC</createdTime>
<generatorID>1F34DD26-B828-3739-BC31-7645FD5FCECA</generatorID>
<ownerDesignName>Centro_medico</ownerDesignName>
<engineerTo>
<item key="9C34C6FD-ADA5-170C-4706-00DDB76A0574" value="true"/>
</engineerTo>
<referedAttribute>84F921B4-3E6F-19EF-587E-5EC01E42D248</referedAttribute>
<useDomainConstraints>false</useDomainConstraints>
<use>1</use>
<logicalDatatype>LOGDT019</logicalDatatype>
<dataTypePrecision>30</dataTypePrecision>
<ownDataTypeParameters>,,</ownDataTypeParameters>
</Attribute>
<Attribute name="id_atencion" id="0E802E93-2F6A-62DB-D5CB-F03F97EAD364">
<createdBy>Francis</createdBy>
<createdTime>2025-09-14 02:52:52 UTC</createdTime>
<generatorID>84F43B2C-C61D-E63B-31E9-1685A4898628</generatorID>
<ownerDesignName>Centro_medico</ownerDesignName>
<engineerTo>
<item key="9C34C6FD-ADA5-170C-4706-00DDB76A0574" value="true"/>
</engineerTo>
<referedAttribute>9886CE7B-C26A-E143-C690-2217EC2CE238</referedAttribute>
<useDomainConstraints>false</useDomainConstraints>
<use>1</use>
<logicalDatatype>LOGDT019</logicalDatatype>
<dataTypePrecision>10</dataTypePrecision>
<ownDataTypeParameters>,,</ownDataTypeParameters>
</Attribute>
</attributes>
<identifiers itemClass="oracle.dbtools.crest.model.design.logical.CandidateKey">
<identifier id="5EA72C64-F5ED-94D1-F655-0591CA70B663" name="CITA PK">
<createdBy>Francis</createdBy>
<createdTime>2025-09-14 02:42:10 UTC</createdTime>
<ownerDesignName>Centro_medico</ownerDesignName>
<engineerTo>
<item key="9C34C6FD-ADA5-170C-4706-00DDB76A0574" value="true"/>
</engineerTo>
<pk>true</pk>
<usedAttributes>
<attributeRef>1A3B0A5C-C456-8142-1774-6417697D4D21</attributeRef>
</usedAttributes>
</identifier>
</identifiers>
</Entity>