<?xml version = '1.0' encoding = 'UTF-8'?>
<Entity class="oracle.dbtools.crest.model.design.logical.Entity" directorySegmentName="seg_0" id="E02FBFC5-01AA-4555-D5D2-1DFFB53A7CC0" name="MEDICO_SUPERVISOR">
<createdBy>Francis</createdBy>
<createdTime>2025-09-10 19:08:24 UTC</createdTime>
<ownerDesignName>Centro_medico</ownerDesignName>
<engineerTo>
<item key="9C34C6FD-ADA5-170C-4706-00DDB76A0574" value="true"/>
</engineerTo>
<adequatelyNormalized>NO</adequatelyNormalized>
<expectedVolumes>0</expectedVolumes>
<fwdEngineeringStrategyName>Single Table</fwdEngineeringStrategyName>
<growthPercent>0</growthPercent>
<growthType>Year</growthType>
<maxVolumes>9999999</maxVolumes>
<minVolumes>0</minVolumes>
<normalForm>Third</normalForm>
<attributes itemClass="oracle.dbtools.crest.model.design.logical.Attribute">
<Attribute name="id_supervisor" id="E1CCDEC8-6CA3-123D-BD44-4DF9655531DA">
<createdBy>Francis</createdBy>
<createdTime>2025-09-10 19:08:34 UTC</createdTime>
<ownerDesignName>Centro_medico</ownerDesignName>
<engineerTo>
<item key="9C34C6FD-ADA5-170C-4706-00DDB76A0574" value="true"/>
</engineerTo>
<useDomainConstraints>false</useDomainConstraints>
<use>1</use>
<logicalDatatype>LOGDT019</logicalDatatype>
<dataTypePrecision>30</dataTypePrecision>
<ownDataTypeParameters>,30,</ownDataTypeParameters>
</Attribute>
<Attribute name="rut" id="6B696F56-1F96-8260-27A3-4BDCA57846E9">
<createdBy>Francis</createdBy>
<createdTime>2025-09-10 19:08:53 UTC</createdTime>
<ownerDesignName>Centro_medico</ownerDesignName>
<engineerTo>
<item key="9C34C6FD-ADA5-170C-4706-00DDB76A0574" value="true"/>
</engineerTo>
<useDomainConstraints>false</useDomainConstraints>
<use>1</use>
<logicalDatatype>LOGDT024</logicalDatatype>
<dataTypeSize>10</dataTypeSize>
<ownDataTypeParameters>10,,</ownDataTypeParameters>
</Attribute>
<Attribute name="id_medico" id="622C6B68-62ED-15FB-7250-2EC8F8F651C3">
<createdBy>Francis</createdBy>
<createdTime>2025-09-10 19:09:30 UTC</createdTime>
<generatorID>2D00B590-9C9E-1AA3-26A7-D4C9AD6DC74A</generatorID>
<ownerDesignName>Centro_medico</ownerDesignName>
<engineerTo>
<item key="9C34C6FD-ADA5-170C-4706-00DDB76A0574" value="true"/>
</engineerTo>
<nullsAllowed>true</nullsAllowed>
<referedAttribute>374B34A6-979B-72F4-5972-0AF84CA4E44E</referedAttribute>
<useDomainConstraints>false</useDomainConstraints>
<use>1</use>
<logicalDatatype>LOGDT019</logicalDatatype>
<dataTypePrecision>30</dataTypePrecision>
<ownDataTypeParameters>,,</ownDataTypeParameters>
</Attribute>
</attributes>
<identifiers itemClass="oracle.dbtools.crest.model.design.logical.CandidateKey">
<identifier id="30405AD8-5EDD-7072-056B-F387C6A14A41" name="MEDICO_SUPERVISOR PK">
<createdBy>Francis</createdBy>
<createdTime>2025-09-10 19:08:52 UTC</createdTime>
<ownerDesignName>Centro_medico</ownerDesignName>
<engineerTo>
<item key="9C34C6FD-ADA5-170C-4706-00DDB76A0574" value="true"/>
</engineerTo>
<pk>true</pk>
<usedAttributes>
<attributeRef>E1CCDEC8-6CA3-123D-BD44-4DF9655531DA</attributeRef>
</usedAttributes>
</identifier>
</identifiers>
</Entity>