<?xml version = '1.0' encoding = 'UTF-8'?>
<Entity class="oracle.dbtools.crest.model.design.logical.Entity" directorySegmentName="seg_0" id="EE3999D8-1AB8-0F8F-1FB5-BAEF51041BC0" name="TIPO_MUESTRA">
<createdBy>Francis</createdBy>
<createdTime>2025-09-10 19:23:30 UTC</createdTime>
<ownerDesignName>Centro_medico</ownerDesignName>
<engineerTo>
<item key="9C34C6FD-ADA5-170C-4706-00DDB76A0574" value="true"/>
</engineerTo>
<adequatelyNormalized>NO</adequatelyNormalized>
<expectedVolumes>0</expectedVolumes>
<fwdEngineeringStrategyName>Single Table</fwdEngineeringStrategyName>
<growthPercent>0</growthPercent>
<growthType>Year</growthType>
<maxVolumes>9999999</maxVolumes>
<minVolumes>0</minVolumes>
<normalForm>Third</normalForm>
<attributes itemClass="oracle.dbtools.crest.model.design.logical.Attribute">
<Attribute name="id_tipo_muestra" id="8F6B3A2C-FCD0-B423-51CA-958426C61993">
<createdBy>Francis</createdBy>
<createdTime>2025-09-10 19:24:04 UTC</createdTime>
<ownerDesignName>Centro_medico</ownerDesignName>
<engineerTo>
<item key="9C34C6FD-ADA5-170C-4706-00DDB76A0574" value="true"/>
</engineerTo>
<useDomainConstraints>false</useDomainConstraints>
<use>1</use>
<logicalDatatype>LOGDT019</logicalDatatype>
<dataTypePrecision>30</dataTypePrecision>
<ownDataTypeParameters>,30,</ownDataTypeParameters>
</Attribute>
<Attribute name="nombre" id="F7BC2340-68A2-EAE2-4140-5932B5CB5E24">
<createdBy>Francis</createdBy>
<createdTime>2025-09-10 19:24:21 UTC</createdTime>
<ownerDesignName>Centro_medico</ownerDesignName>
<engineerTo>
<item key="9C34C6FD-ADA5-170C-4706-00DDB76A0574" value="true"/>
</engineerTo>
<useDomainConstraints>false</useDomainConstraints>
<use>1</use>
<logicalDatatype>LOGDT024</logicalDatatype>
<dataTypeSize>50</dataTypeSize>
<ownDataTypeParameters>50,,</ownDataTypeParameters>
</Attribute>
<Attribute name="id_examen" id="708B6934-7A99-746F-9619-30C134FBE007">
<createdBy>Francis</createdBy>
<createdTime>2025-09-10 19:26:44 UTC</createdTime>
<generatorID>B238FB1F-63CA-95F0-BE72-78D12CE69FAB</generatorID>
<ownerDesignName>Centro_medico</ownerDesignName>
<engineerTo>
<item key="9C34C6FD-ADA5-170C-4706-00DDB76A0574" value="true"/>
</engineerTo>
<referedAttribute>EB48AD0E-8FF9-B480-3C9A-434538C1649C</referedAttribute>
<useDomainConstraints>false</useDomainConstraints>
<use>1</use>
<logicalDatatype>LOGDT019</logicalDatatype>
<dataTypePrecision>30</dataTypePrecision>
<ownDataTypeParameters>,,</ownDataTypeParameters>
</Attribute>
</attributes>
<identifiers itemClass="oracle.dbtools.crest.model.design.logical.CandidateKey">
<identifier id="DFCB4F23-0700-030B-B8B1-30AC280C5943" name="TIPO_MUESTRA PK">
<createdBy>Francis</createdBy>
<createdTime>2025-09-10 19:24:17 UTC</createdTime>
<ownerDesignName>Centro_medico</ownerDesignName>
<engineerTo>
<item key="9C34C6FD-ADA5-170C-4706-00DDB76A0574" value="true"/>
</engineerTo>
<pk>true</pk>
<usedAttributes>
<attributeRef>8F6B3A2C-FCD0-B423-51CA-958426C61993</attributeRef>
</usedAttributes>
</identifier>
</identifiers>
</Entity>